
-- TSYLLABUS
INSERT INTO TSYLLABUS(ID, CODE, DENOMINATION, IMPLANTATION_YEAR, NUM_COURSES, NUMECTS, RESPONSIBLE_CENTER, STATE, TYPE)
	VALUES (1, 'GIISOF01', 'Grado en Ingeniería Informática del Software', 2010, 4, 240.0, 'Escuela de Ingeniería informática', 'ACTIVE', 'FACE_TO_FACE');
INSERT INTO TSYLLABUS(ID, CODE, DENOMINATION, IMPLANTATION_YEAR, NUM_COURSES, NUMECTS, RESPONSIBLE_CENTER, STATE, TYPE)
	VALUES (2, 'MINGEWEB', 'Máster Universitario en Ingeniería Web', 2009, 2, 120.0, 'Centro Internacional de Postgrado', 'ACTIVE', 'FACE_TO_FACE');


-- TSUBJECT  
INSERT INTO TSUBJECT (ID, CODE, COURSE, CREDITS, DENOMINATION, TEMPORALITY, TYPE, SYLLABUS_ID)
	VALUES (1, 'GIISOF01-1-001', 1, 6.0, 'Fundamentos de Informática', 'FIRST_SEMESTER', 'BASIC_FORMATION', 1);
INSERT INTO TSUBJECT (ID, CODE, COURSE, CREDITS, DENOMINATION, TEMPORALITY, TYPE, SYLLABUS_ID)
	VALUES (2, 'GIISOF01-1-002', 1, 6.0, 'Álgebra Lineal', 'FIRST_SEMESTER', 'BASIC_FORMATION', 1);
INSERT INTO TSUBJECT (ID, CODE, COURSE, CREDITS, DENOMINATION, TEMPORALITY, TYPE, SYLLABUS_ID)
	VALUES (3, 'GIISOF01-1-003', 1, 6.0, 'Empresa', 'FIRST_SEMESTER', 'BASIC_FORMATION', 1);
INSERT INTO TSUBJECT (ID, CODE, COURSE, CREDITS, DENOMINATION, TEMPORALITY, TYPE, SYLLABUS_ID)
	VALUES (4, 'GIISOF01-1-004', 1, 6.0, 'Cálculo', 'FIRST_SEMESTER', 'BASIC_FORMATION', 1);
INSERT INTO TSUBJECT (ID, CODE, COURSE, CREDITS, DENOMINATION, TEMPORALITY, TYPE, SYLLABUS_ID)
	VALUES (5, 'GIISOF01-1-005', 1, 6.0, 'Ondas y Electromagnetismo', 'SECOND_SEMESTER', 'BASIC_FORMATION', 1);
INSERT INTO TSUBJECT (ID, CODE, COURSE, CREDITS, DENOMINATION, TEMPORALITY, TYPE, SYLLABUS_ID)
	VALUES (6, 'GIISOF01-1-006', 1, 6.0, 'Estadística', 'SECOND_SEMESTER', 'BASIC_FORMATION', 1);
INSERT INTO TSUBJECT (ID, CODE, COURSE, CREDITS, DENOMINATION, TEMPORALITY, TYPE, SYLLABUS_ID)
	VALUES (7, 'GIISOF01-1-007', 1, 6.0, 'Introducción a la Programación', 'FIRST_SEMESTER', 'BASIC_FORMATION', 1);
INSERT INTO TSUBJECT (ID, CODE, COURSE, CREDITS, DENOMINATION, TEMPORALITY, TYPE, SYLLABUS_ID)
	VALUES (8, 'GIISOF01-1-008', 1, 6.0, 'Fundamentos de Computadores y Redes', 'SECOND_SEMESTER', 'BASIC_FORMATION', 1);
INSERT INTO TSUBJECT (ID, CODE, COURSE, CREDITS, DENOMINATION, TEMPORALITY, TYPE, SYLLABUS_ID)
	VALUES (9, 'GIISOF01-1-009', 1, 6.0, 'Autómatas y Matemáticas Discretas', 'SECOND_SEMESTER', 'BASIC_FORMATION', 1);
INSERT INTO TSUBJECT (ID, CODE, COURSE, CREDITS, DENOMINATION, TEMPORALITY, TYPE, SYLLABUS_ID)
	VALUES (10, 'GIISOF01-1-010', 1, 6.0, 'Metodología de la Programación', 'SECOND_SEMESTER', 'BASIC_FORMATION', 1);

INSERT INTO TSUBJECT (ID, CODE, COURSE, CREDITS, DENOMINATION, TEMPORALITY, TYPE, SYLLABUS_ID)
	VALUES (11, 'GIISOF01-2-001', 2, 6.0, 'Tecnología Electrónica de Computadores', 'FIRST_SEMESTER', 'OBLIGATORY', 1);
INSERT INTO TSUBJECT (ID, CODE, COURSE, CREDITS, DENOMINATION, TEMPORALITY, TYPE, SYLLABUS_ID)
	VALUES (12, 'GIISOF01-2-002', 2, 6.0, 'Arquitectura de Computadores', 'FIRST_SEMESTER', 'OBLIGATORY', 1);
INSERT INTO TSUBJECT (ID, CODE, COURSE, CREDITS, DENOMINATION, TEMPORALITY, TYPE, SYLLABUS_ID)
	VALUES (13, 'GIISOF01-2-003', 2, 6.0, 'Estructuras de Datos', 'FIRST_SEMESTER', 'OBLIGATORY', 1);
INSERT INTO TSUBJECT (ID, CODE, COURSE, CREDITS, DENOMINATION, TEMPORALITY, TYPE, SYLLABUS_ID)
	VALUES (14, 'GIISOF01-2-004', 2, 6.0, 'Tecnología y Paradigmas de Programación', 'SECOND_SEMESTER', 'OBLIGATORY', 1);
INSERT INTO TSUBJECT (ID, CODE, COURSE, CREDITS, DENOMINATION, TEMPORALITY, TYPE, SYLLABUS_ID)
	VALUES (15, 'GIISOF01-2-005', 2, 6.0, 'Computabilidad', 'FIRST_SEMESTER', 'OBLIGATORY', 1);
INSERT INTO TSUBJECT (ID, CODE, COURSE, CREDITS, DENOMINATION, TEMPORALITY, TYPE, SYLLABUS_ID)
	VALUES (16, 'GIISOF01-2-006', 2, 6.0, 'Sistemas Operativos', 'SECOND_SEMESTER', 'OBLIGATORY', 1);
INSERT INTO TSUBJECT (ID, CODE, COURSE, CREDITS, DENOMINATION, TEMPORALITY, TYPE, SYLLABUS_ID)
	VALUES (17, 'GIISOF01-2-007', 2, 6.0, 'Comunicación Persona-Máquina', 'FIRST_SEMESTER', 'OBLIGATORY', 1);
INSERT INTO TSUBJECT (ID, CODE, COURSE, CREDITS, DENOMINATION, TEMPORALITY, TYPE, SYLLABUS_ID)
	VALUES (18, 'GIISOF01-2-008', 2, 6.0, 'Bases de Datos', 'SECOND_SEMESTER', 'OBLIGATORY', 1);
INSERT INTO TSUBJECT (ID, CODE, COURSE, CREDITS, DENOMINATION, TEMPORALITY, TYPE, SYLLABUS_ID)
	VALUES (19, 'GIISOF01-2-009', 2, 6.0, 'Computación Numérica', 'SECOND_SEMESTER', 'OBLIGATORY', 1);
INSERT INTO TSUBJECT (ID, CODE, COURSE, CREDITS, DENOMINATION, TEMPORALITY, TYPE, SYLLABUS_ID)
	VALUES (20, 'GIISOF01-2-010', 2, 6.0, 'Algoritmia', 'SECOND_SEMESTER', 'OBLIGATORY', 1);
	
INSERT INTO TSUBJECT (ID, CODE, COURSE, CREDITS, DENOMINATION, TEMPORALITY, TYPE, SYLLABUS_ID)
	VALUES (21, 'GIISOF01-0-010', 3, 6.0, 'Integración de Aplicaciones Empresariales', 'FIRST_SEMESTER', 'OPTIONAL', 1);
INSERT INTO TSUBJECT (ID, CODE, COURSE, CREDITS, DENOMINATION, TEMPORALITY, TYPE, SYLLABUS_ID)
	VALUES (22, 'GIISOF01-0-011', 3, 6.0, 'Informática Forense y Auditoría', 'FIRST_SEMESTER', 'OPTIONAL', 1);
INSERT INTO TSUBJECT (ID, CODE, COURSE, CREDITS, DENOMINATION, TEMPORALITY, TYPE, SYLLABUS_ID)
	VALUES (23, 'GIISOF01-0-013', 3, 6.0, 'Software para Dispositivos Móviles', 'FIRST_SEMESTER', 'OPTIONAL', 1);
INSERT INTO TSUBJECT (ID, CODE, COURSE, CREDITS, DENOMINATION, TEMPORALITY, TYPE, SYLLABUS_ID)
	VALUES (24, 'GIISOF01-0-014', 3, 6.0, 'Realidad y Accesibilidad Aumentadas', 'FIRST_SEMESTER', 'OPTIONAL', 1);
INSERT INTO TSUBJECT (ID, CODE, COURSE, CREDITS, DENOMINATION, TEMPORALITY, TYPE, SYLLABUS_ID)
	VALUES (25, 'GIISOF01-0-015', 3, 6.0, 'Sistemas de Información para la Web', 'FIRST_SEMESTER', 'OPTIONAL', 1);
INSERT INTO TSUBJECT (ID, CODE, COURSE, CREDITS, DENOMINATION, TEMPORALITY, TYPE, SYLLABUS_ID)
	VALUES (26, 'GIISOF01-0-016', 3, 6.0, 'Software de Entretenimiento y Videojuegos', 'FIRST_SEMESTER', 'OPTIONAL', 1);
INSERT INTO TSUBJECT (ID, CODE, COURSE, CREDITS, DENOMINATION, TEMPORALITY, TYPE, SYLLABUS_ID)
	VALUES (27, 'GIISOF01-0-017', 3, 6.0, 'Software para Robots', 'FIRST_SEMESTER', 'OPTIONAL', 1);
INSERT INTO TSUBJECT (ID, CODE, COURSE, CREDITS, DENOMINATION, TEMPORALITY, TYPE, SYLLABUS_ID)
	VALUES (28, 'GIISOF01-0-018', 3, 6.0, 'Informática Audiovisual', 'FIRST_SEMESTER', 'OPTIONAL', 1);
INSERT INTO TSUBJECT (ID, CODE, COURSE, CREDITS, DENOMINATION, TEMPORALITY, TYPE, SYLLABUS_ID)
	VALUES (29, 'GIISOF01-3-001', 3, 6.0, 'Repositorios de Información', 'FIRST_SEMESTER', 'OBLIGATORY', 1);
INSERT INTO TSUBJECT (ID, CODE, COURSE, CREDITS, DENOMINATION, TEMPORALITY, TYPE, SYLLABUS_ID)
	VALUES (30, 'GIISOF01-3-002', 3, 6.0, 'Software y Estándares para la Web', 'FIRST_SEMESTER', 'OBLIGATORY', 1);
INSERT INTO TSUBJECT (ID, CODE, COURSE, CREDITS, DENOMINATION, TEMPORALITY, TYPE, SYLLABUS_ID)
	VALUES (31, 'GIISOF01-3-003', 3, 6.0, 'Ingeniería del Proceso Software', 'FIRST_SEMESTER', 'OBLIGATORY', 1);
INSERT INTO TSUBJECT (ID, CODE, COURSE, CREDITS, DENOMINATION, TEMPORALITY, TYPE, SYLLABUS_ID)
	VALUES (32, 'GIISOF01-3-004', 3, 6.0, 'Diseño del Software', 'FIRST_SEMESTER', 'OBLIGATORY', 1);
INSERT INTO TSUBJECT (ID, CODE, COURSE, CREDITS, DENOMINATION, TEMPORALITY, TYPE, SYLLABUS_ID)
	VALUES (33, 'GIISOF01-3-005', 3, 6.0, 'Sistemas Distribuidos e Internet', 'SECOND_SEMESTER', 'OBLIGATORY', 1);
INSERT INTO TSUBJECT (ID, CODE, COURSE, CREDITS, DENOMINATION, TEMPORALITY, TYPE, SYLLABUS_ID)
	VALUES (34, 'GIISOF01-3-006', 3, 6.0, 'Administración de Sistemas y Redes', 'SECOND_SEMESTER', 'OBLIGATORY', 1);
INSERT INTO TSUBJECT (ID, CODE, COURSE, CREDITS, DENOMINATION, TEMPORALITY, TYPE, SYLLABUS_ID)
	VALUES (35, 'GIISOF01-3-008', 3, 6.0, 'Arquitectura del Software', 'SECOND_SEMESTER', 'OBLIGATORY', 1);
INSERT INTO TSUBJECT (ID, CODE, COURSE, CREDITS, DENOMINATION, TEMPORALITY, TYPE, SYLLABUS_ID)
	VALUES (36, 'GIISOF01-3-009', 3, 6.0, 'Diseño de Lenguajes de Programación', 'SECOND_SEMESTER', 'OBLIGATORY', 1);
INSERT INTO TSUBJECT (ID, CODE, COURSE, CREDITS, DENOMINATION, TEMPORALITY, TYPE, SYLLABUS_ID)
	VALUES (37, 'GIISOF01-3-010', 3, 6.0, 'Seguridad de Sistemas Informáticos', 'SECOND_SEMESTER', 'OBLIGATORY', 1);

INSERT INTO TSUBJECT (ID, CODE, COURSE, CREDITS, DENOMINATION, TEMPORALITY, TYPE, SYLLABUS_ID)
	VALUES (38, 'GIISOF01-4-002', 4, 6.0, 'Ingeniería de Requisitos', 'FIRST_SEMESTER', 'OBLIGATORY', 1);
INSERT INTO TSUBJECT (ID, CODE, COURSE, CREDITS, DENOMINATION, TEMPORALITY, TYPE, SYLLABUS_ID)
	VALUES (39, 'GIISOF01-4-003', 4, 6.0, 'Calidad, Validación y Verificación del Software', 'FIRST_SEMESTER', 'OBLIGATORY', 1);
INSERT INTO TSUBJECT (ID, CODE, COURSE, CREDITS, DENOMINATION, TEMPORALITY, TYPE, SYLLABUS_ID)
	VALUES (40, 'GIISOF01-4-004', 4, 6.0, 'Dirección y Planificación de Proyectos Informáticos', 'SECOND_SEMESTER', 'OBLIGATORY', 1);
INSERT INTO TSUBJECT (ID, CODE, COURSE, CREDITS, DENOMINATION, TEMPORALITY, TYPE, SYLLABUS_ID)
	VALUES (41, 'GIISOF01-4-005', 4, 6.0, 'Aspectos Sociales, Legales, Éticos y Profesionales de la Informática', 'SECOND_SEMESTER', 'OBLIGATORY', 1);
INSERT INTO TSUBJECT (ID, CODE, COURSE, CREDITS, DENOMINATION, TEMPORALITY, TYPE, SYLLABUS_ID)
	VALUES (42, 'GIISOF01-4-006', 4, 6.0, 'Prácticas en Empresa', 'SECOND_SEMESTER', 'EXTERNAL_PRACTICES', 1);
INSERT INTO TSUBJECT (ID, CODE, COURSE, CREDITS, DENOMINATION, TEMPORALITY, TYPE, SYLLABUS_ID)
	VALUES (43, 'GIISOF01-4-007', 4, 6.0, 'Trabajo Fin de Grado', 'SECOND_SEMESTER', 'FINAL_PROJECT', 1);
INSERT INTO TSUBJECT (ID, CODE, COURSE, CREDITS, DENOMINATION, TEMPORALITY, TYPE, SYLLABUS_ID)
	VALUES (44, 'GIISOF01-4-008', 4, 6.0, 'Sistemas Inteligentes', 'FIRST_SEMESTER', 'OBLIGATORY', 1);
	
INSERT INTO TSUBJECT (ID, CODE, COURSE, CREDITS, DENOMINATION, TEMPORALITY, TYPE, SYLLABUS_ID)
	VALUES (45, 'MINGEWEB-1-002', 1, 3.0, 'Administración de Sistemas Operativos', 'FIRST_SEMESTER', 'OBLIGATORY', 2);
INSERT INTO TSUBJECT (ID, CODE, COURSE, CREDITS, DENOMINATION, TEMPORALITY, TYPE, SYLLABUS_ID)
	VALUES (46, 'MINGEWEB-1-004', 1, 3.0, 'Lenguajes y Estándares de la Web', 'FIRST_SEMESTER', 'OBLIGATORY', 2);
INSERT INTO TSUBJECT (ID, CODE, COURSE, CREDITS, DENOMINATION, TEMPORALITY, TYPE, SYLLABUS_ID)
	VALUES (47, 'MINGEWEB-1-006', 1, 5.0, 'Programación Orientada a Objetos', 'FIRST_SEMESTER', 'OBLIGATORY', 2);
INSERT INTO TSUBJECT (ID, CODE, COURSE, CREDITS, DENOMINATION, TEMPORALITY, TYPE, SYLLABUS_ID)
	VALUES (48, 'MINGEWEB-1-008', 1, 3.0, 'Diseño y Programación de Interfaces de Usuario', 'FIRST_SEMESTER', 'OBLIGATORY', 2);
INSERT INTO TSUBJECT (ID, CODE, COURSE, CREDITS, DENOMINATION, TEMPORALITY, TYPE, SYLLABUS_ID)
	VALUES (49, 'MINGEWEB-1-0010', 1, 3.5, 'Análisis y Diseño Orientado a Objetos', 'FIRST_SEMESTER', 'OBLIGATORY', 2);
INSERT INTO TSUBJECT (ID, CODE, COURSE, CREDITS, DENOMINATION, TEMPORALITY, TYPE, SYLLABUS_ID)
	VALUES (50, 'MINGEWEB-1-0012', 1, 3.0, 'Sistemas de Persistencia de Objetos', 'FIRST_SEMESTER', 'OBLIGATORY', 2);
INSERT INTO TSUBJECT (ID, CODE, COURSE, CREDITS, DENOMINATION, TEMPORALITY, TYPE, SYLLABUS_ID)
	VALUES (51, 'MINGEWEB-1-0014', 1, 3.0, 'Usabilidad, Accesibilidad y Adaptabilidad de sitios Web', 'FIRST_SEMESTER', 'OBLIGATORY', 2);
INSERT INTO TSUBJECT (ID, CODE, COURSE, CREDITS, DENOMINATION, TEMPORALITY, TYPE, SYLLABUS_ID)
	VALUES (52, 'MINGEWEB-1-0016', 1, 6.5, 'Arquitectura y Diseño de Sitios Web', 'FIRST_SEMESTER', 'OBLIGATORY', 2);
INSERT INTO TSUBJECT (ID, CODE, COURSE, CREDITS, DENOMINATION, TEMPORALITY, TYPE, SYLLABUS_ID)
	VALUES (53, 'MINGEWEB-1-0020', 1, 5.0, 'Servicios Web', 'SECOND_SEMESTER', 'OBLIGATORY', 2);
INSERT INTO TSUBJECT (ID, CODE, COURSE, CREDITS, DENOMINATION, TEMPORALITY, TYPE, SYLLABUS_ID)
	VALUES (54, 'MINGEWEB-1-0022', 1, 3.0, 'Administración de Sistemas de Persistencia de Objetos', 'SECOND_SEMESTER', 'OBLIGATORY', 2);
INSERT INTO TSUBJECT (ID, CODE, COURSE, CREDITS, DENOMINATION, TEMPORALITY, TYPE, SYLLABUS_ID)
	VALUES (55, 'MINGEWEB-1-0024', 1, 3.0, 'Sistemas de Seguridad en la Web', 'SECOND_SEMESTER', 'OBLIGATORY', 2);
INSERT INTO TSUBJECT (ID, CODE, COURSE, CREDITS, DENOMINATION, TEMPORALITY, TYPE, SYLLABUS_ID)
	VALUES (56, 'MINGEWEB-1-0026', 1, 3.0, 'Modelos de Negocio y Comercio Electrónico en la Web', 'SECOND_SEMESTER', 'OBLIGATORY', 2);
INSERT INTO TSUBJECT (ID, CODE, COURSE, CREDITS, DENOMINATION, TEMPORALITY, TYPE, SYLLABUS_ID)
	VALUES (57, 'MINGEWEB-1-0028', 1, 3.0, 'Aspectos Éticos y Legales de la Web', 'SECOND_SEMESTER', 'OBLIGATORY', 2);
INSERT INTO TSUBJECT (ID, CODE, COURSE, CREDITS, DENOMINATION, TEMPORALITY, TYPE, SYLLABUS_ID)
	VALUES (58, 'MINGEWEB-1-0030', 1, 3.0, 'Difusión de Contenidos Multimedia Vía Web', 'SECOND_SEMESTER', 'OBLIGATORY', 2);
INSERT INTO TSUBJECT (ID, CODE, COURSE, CREDITS, DENOMINATION, TEMPORALITY, TYPE, SYLLABUS_ID)
	VALUES (59, 'MINGEWEB-1-0032', 1, 3.0, 'Desarrollo de Software para Dispositivos Móviles', 'SECOND_SEMESTER', 'OBLIGATORY', 2);
INSERT INTO TSUBJECT (ID, CODE, COURSE, CREDITS, DENOMINATION, TEMPORALITY, TYPE, SYLLABUS_ID)
	VALUES (60, 'MINGEWEB-1-0033', 1, 4.0, 'Web Semántica', 'SECOND_SEMESTER', 'OPTIONAL', 2);
INSERT INTO TSUBJECT (ID, CODE, COURSE, CREDITS, DENOMINATION, TEMPORALITY, TYPE, SYLLABUS_ID)
	VALUES (61, 'MINGEWEB-1-0034', 1, 4.0, 'Nuevos Avances en Web Semántica', 'SECOND_SEMESTER', 'OPTIONAL', 2);
INSERT INTO TSUBJECT (ID, CODE, COURSE, CREDITS, DENOMINATION, TEMPORALITY, TYPE, SYLLABUS_ID)
	VALUES (62, 'MINGEWEB-1-0035', 1, 3.0, 'Gestores de Contenidos Web', 'SECOND_SEMESTER', 'OBLIGATORY', 2);

INSERT INTO TSUBJECT (ID, CODE, COURSE, CREDITS, DENOMINATION, TEMPORALITY, TYPE, SYLLABUS_ID)
	VALUES (63, 'MINGEWEB-2-002', 2, 3.0, 'Administración de Servidores Web', 'FIRST_SEMESTER', 'OBLIGATORY', 2);
INSERT INTO TSUBJECT (ID, CODE, COURSE, CREDITS, DENOMINATION, TEMPORALITY, TYPE, SYLLABUS_ID)
	VALUES (64, 'MINGEWEB-2-003', 2, 3.0, 'Sistemas de Información Geográfica y Servicios Web', 'FIRST_SEMESTER', 'OBLIGATORY', 2);
INSERT INTO TSUBJECT (ID, CODE, COURSE, CREDITS, DENOMINATION, TEMPORALITY, TYPE, SYLLABUS_ID)
	VALUES (65, 'MINGEWEB-2-005', 2, 3.0, 'Desarrollo e Integración de Aplicaciones Internet', 'FIRST_SEMESTER', 'OBLIGATORY', 2);
INSERT INTO TSUBJECT (ID, CODE, COURSE, CREDITS, DENOMINATION, TEMPORALITY, TYPE, SYLLABUS_ID)
	VALUES (66, 'MINGEWEB-2-006', 2, 12.0, 'Dirección y Gestión de Proyectos Web', 'FIRST_SEMESTER', 'OBLIGATORY', 2);
INSERT INTO TSUBJECT (ID, CODE, COURSE, CREDITS, DENOMINATION, TEMPORALITY, TYPE, SYLLABUS_ID)
	VALUES (67, 'MINGEWEB-2-007', 2, 4.0, 'Arquitecturas Software y Procesamiento de Lenguajes', 'FIRST_SEMESTER', 'OPTIONAL', 2);
INSERT INTO TSUBJECT (ID, CODE, COURSE, CREDITS, DENOMINATION, TEMPORALITY, TYPE, SYLLABUS_ID)
	VALUES (68, 'MINGEWEB-2-008', 2, 4.0, 'Nuevos Estándares en la Web', 'FIRST_SEMESTER', 'OPTIONAL', 2);
INSERT INTO TSUBJECT (ID, CODE, COURSE, CREDITS, DENOMINATION, TEMPORALITY, TYPE, SYLLABUS_ID)
	VALUES (69, 'MINGEWEB-2-009', 2, 3.0, 'Modelado de Software Web Adaptable Dirigido por Modelos', 'FIRST_SEMESTER', 'OPTIONAL', 2);
INSERT INTO TSUBJECT (ID, CODE, COURSE, CREDITS, DENOMINATION, TEMPORALITY, TYPE, SYLLABUS_ID)
	VALUES (70, 'MINGEWEB-2-0010', 2, 6.0, 'Prácticas en Empresa', 'SECOND_SEMESTER', 'OPTIONAL', 2);
INSERT INTO TSUBJECT (ID, CODE, COURSE, CREDITS, DENOMINATION, TEMPORALITY, TYPE, SYLLABUS_ID)
	VALUES (71, 'MINGEWEB-2-0011', 2, 5.5, 'Lenguajes y Plataformas de Programación', 'FIRST_SEMESTER', 'OPTIONAL', 2);
INSERT INTO TSUBJECT (ID, CODE, COURSE, CREDITS, DENOMINATION, TEMPORALITY, TYPE, SYLLABUS_ID)
	VALUES (72, 'MINGEWEB-2-0012', 2, 4.5, 'Arquitectura de la Información en la Web', 'SECOND_SEMESTER', 'OPTIONAL', 2);
INSERT INTO TSUBJECT (ID, CODE, COURSE, CREDITS, DENOMINATION, TEMPORALITY, TYPE, SYLLABUS_ID)
	VALUES (73, 'MINGEWEB-2-0013', 2, 3.0, 'Diseño y Construcción de MDA', 'FIRST_SEMESTER', 'OPTIONAL', 2);
INSERT INTO TSUBJECT (ID, CODE, COURSE, CREDITS, DENOMINATION, TEMPORALITY, TYPE, SYLLABUS_ID)
	VALUES (74, 'MINGEWEB-2-0014', 2, 4.0, 'Arquitectura y Desarrollo de Sistemas E-Learning', 'SECOND_SEMESTER', 'OPTIONAL', 2);
INSERT INTO TSUBJECT (ID, CODE, COURSE, CREDITS, DENOMINATION, TEMPORALITY, TYPE, SYLLABUS_ID)
	VALUES (75, 'MINGEWEB-2-0015', 2, 22.0, 'Proyecto Fin de Máster	', 'SECOND_SEMESTER', 'OPTIONAL', 2);


-- TCOURSE
INSERT INTO TCOURSE (ID, YEAR)
	VALUES (1, 2020);


-- TCOURSE_SUBJECT
INSERT INTO TCOURSE_SUBJECT (COURSE_ID, SUBJECT_ID)
	VALUES (1, 1);
INSERT INTO TCOURSE_SUBJECT (COURSE_ID, SUBJECT_ID)
	VALUES (1, 2);
INSERT INTO TCOURSE_SUBJECT (COURSE_ID, SUBJECT_ID)
	VALUES (1, 3);
INSERT INTO TCOURSE_SUBJECT (COURSE_ID, SUBJECT_ID)
	VALUES (1, 4);
INSERT INTO TCOURSE_SUBJECT (COURSE_ID, SUBJECT_ID)
	VALUES (1, 5);
INSERT INTO TCOURSE_SUBJECT (COURSE_ID, SUBJECT_ID)
	VALUES (1, 6);
INSERT INTO TCOURSE_SUBJECT (COURSE_ID, SUBJECT_ID)
	VALUES (1, 7);
INSERT INTO TCOURSE_SUBJECT (COURSE_ID, SUBJECT_ID)
	VALUES (1, 8);
INSERT INTO TCOURSE_SUBJECT (COURSE_ID, SUBJECT_ID)
	VALUES (1, 9);
INSERT INTO TCOURSE_SUBJECT (COURSE_ID, SUBJECT_ID)
	VALUES (1, 10);
INSERT INTO TCOURSE_SUBJECT (COURSE_ID, SUBJECT_ID)
	VALUES (1, 11);
INSERT INTO TCOURSE_SUBJECT (COURSE_ID, SUBJECT_ID)
	VALUES (1, 12);
INSERT INTO TCOURSE_SUBJECT (COURSE_ID, SUBJECT_ID)
	VALUES (1, 13);
INSERT INTO TCOURSE_SUBJECT (COURSE_ID, SUBJECT_ID)
	VALUES (1, 14);
INSERT INTO TCOURSE_SUBJECT (COURSE_ID, SUBJECT_ID)
	VALUES (1, 15);
INSERT INTO TCOURSE_SUBJECT (COURSE_ID, SUBJECT_ID)
	VALUES (1, 16);
INSERT INTO TCOURSE_SUBJECT (COURSE_ID, SUBJECT_ID)
	VALUES (1, 17);
INSERT INTO TCOURSE_SUBJECT (COURSE_ID, SUBJECT_ID)
	VALUES (1, 18);
INSERT INTO TCOURSE_SUBJECT (COURSE_ID, SUBJECT_ID)
	VALUES (1, 19);
INSERT INTO TCOURSE_SUBJECT (COURSE_ID, SUBJECT_ID)
	VALUES (1, 20);
INSERT INTO TCOURSE_SUBJECT (COURSE_ID, SUBJECT_ID)
	VALUES (1, 21);
INSERT INTO TCOURSE_SUBJECT (COURSE_ID, SUBJECT_ID)
	VALUES (1, 22);
INSERT INTO TCOURSE_SUBJECT (COURSE_ID, SUBJECT_ID)
	VALUES (1, 23);
INSERT INTO TCOURSE_SUBJECT (COURSE_ID, SUBJECT_ID)
	VALUES (1, 24);
INSERT INTO TCOURSE_SUBJECT (COURSE_ID, SUBJECT_ID)
	VALUES (1, 25);
INSERT INTO TCOURSE_SUBJECT (COURSE_ID, SUBJECT_ID)
	VALUES (1, 26);
INSERT INTO TCOURSE_SUBJECT (COURSE_ID, SUBJECT_ID)
	VALUES (1, 27);
INSERT INTO TCOURSE_SUBJECT (COURSE_ID, SUBJECT_ID)
	VALUES (1, 28);
INSERT INTO TCOURSE_SUBJECT (COURSE_ID, SUBJECT_ID)
	VALUES (1, 29);
INSERT INTO TCOURSE_SUBJECT (COURSE_ID, SUBJECT_ID)
	VALUES (1, 30);
INSERT INTO TCOURSE_SUBJECT (COURSE_ID, SUBJECT_ID)
	VALUES (1, 31);
INSERT INTO TCOURSE_SUBJECT (COURSE_ID, SUBJECT_ID)
	VALUES (1, 32);
INSERT INTO TCOURSE_SUBJECT (COURSE_ID, SUBJECT_ID)
	VALUES (1, 33);
INSERT INTO TCOURSE_SUBJECT (COURSE_ID, SUBJECT_ID)
	VALUES (1, 34);
INSERT INTO TCOURSE_SUBJECT (COURSE_ID, SUBJECT_ID)
	VALUES (1, 35);
INSERT INTO TCOURSE_SUBJECT (COURSE_ID, SUBJECT_ID)
	VALUES (1, 36);
INSERT INTO TCOURSE_SUBJECT (COURSE_ID, SUBJECT_ID)
	VALUES (1, 37);
INSERT INTO TCOURSE_SUBJECT (COURSE_ID, SUBJECT_ID)
	VALUES (1, 38);
INSERT INTO TCOURSE_SUBJECT (COURSE_ID, SUBJECT_ID)
	VALUES (1, 39);
INSERT INTO TCOURSE_SUBJECT (COURSE_ID, SUBJECT_ID)
	VALUES (1, 40);
INSERT INTO TCOURSE_SUBJECT (COURSE_ID, SUBJECT_ID)
	VALUES (1, 41);
INSERT INTO TCOURSE_SUBJECT (COURSE_ID, SUBJECT_ID)
	VALUES (1, 42);
INSERT INTO TCOURSE_SUBJECT (COURSE_ID, SUBJECT_ID)
	VALUES (1, 43);
INSERT INTO TCOURSE_SUBJECT (COURSE_ID, SUBJECT_ID)
	VALUES (1, 44);
INSERT INTO TCOURSE_SUBJECT (COURSE_ID, SUBJECT_ID)
	VALUES (1, 45);
INSERT INTO TCOURSE_SUBJECT (COURSE_ID, SUBJECT_ID)
	VALUES (1, 46);
INSERT INTO TCOURSE_SUBJECT (COURSE_ID, SUBJECT_ID)
	VALUES (1, 47);
INSERT INTO TCOURSE_SUBJECT (COURSE_ID, SUBJECT_ID)
	VALUES (1, 48);
INSERT INTO TCOURSE_SUBJECT (COURSE_ID, SUBJECT_ID)
	VALUES (1, 49);
INSERT INTO TCOURSE_SUBJECT (COURSE_ID, SUBJECT_ID)
	VALUES (1, 50);
INSERT INTO TCOURSE_SUBJECT (COURSE_ID, SUBJECT_ID)
	VALUES (1, 51);
INSERT INTO TCOURSE_SUBJECT (COURSE_ID, SUBJECT_ID)
	VALUES (1, 52);
INSERT INTO TCOURSE_SUBJECT (COURSE_ID, SUBJECT_ID)
	VALUES (1, 53);
INSERT INTO TCOURSE_SUBJECT (COURSE_ID, SUBJECT_ID)
	VALUES (1, 54);
INSERT INTO TCOURSE_SUBJECT (COURSE_ID, SUBJECT_ID)
	VALUES (1, 55);
INSERT INTO TCOURSE_SUBJECT (COURSE_ID, SUBJECT_ID)
	VALUES (1, 56);
INSERT INTO TCOURSE_SUBJECT (COURSE_ID, SUBJECT_ID)
	VALUES (1, 57);
INSERT INTO TCOURSE_SUBJECT (COURSE_ID, SUBJECT_ID)
	VALUES (1, 58);
INSERT INTO TCOURSE_SUBJECT (COURSE_ID, SUBJECT_ID)
	VALUES (1, 59);
INSERT INTO TCOURSE_SUBJECT (COURSE_ID, SUBJECT_ID)
	VALUES (1, 60);
INSERT INTO TCOURSE_SUBJECT (COURSE_ID, SUBJECT_ID)
	VALUES (1, 61);
INSERT INTO TCOURSE_SUBJECT (COURSE_ID, SUBJECT_ID)
	VALUES (1, 62);
INSERT INTO TCOURSE_SUBJECT (COURSE_ID, SUBJECT_ID)
	VALUES (1, 63);
INSERT INTO TCOURSE_SUBJECT (COURSE_ID, SUBJECT_ID)
	VALUES (1, 64);
INSERT INTO TCOURSE_SUBJECT (COURSE_ID, SUBJECT_ID)
	VALUES (1, 65);
INSERT INTO TCOURSE_SUBJECT (COURSE_ID, SUBJECT_ID)
	VALUES (1, 66);
INSERT INTO TCOURSE_SUBJECT (COURSE_ID, SUBJECT_ID)
	VALUES (1, 67);
INSERT INTO TCOURSE_SUBJECT (COURSE_ID, SUBJECT_ID)
	VALUES (1, 68);
INSERT INTO TCOURSE_SUBJECT (COURSE_ID, SUBJECT_ID)
	VALUES (1, 69);
INSERT INTO TCOURSE_SUBJECT (COURSE_ID, SUBJECT_ID)
	VALUES (1, 70);
INSERT INTO TCOURSE_SUBJECT (COURSE_ID, SUBJECT_ID)
	VALUES (1, 71);
INSERT INTO TCOURSE_SUBJECT (COURSE_ID, SUBJECT_ID)
	VALUES (1, 72);
INSERT INTO TCOURSE_SUBJECT (COURSE_ID, SUBJECT_ID)
	VALUES (1, 73);
INSERT INTO TCOURSE_SUBJECT (COURSE_ID, SUBJECT_ID)
	VALUES (1, 74);
INSERT INTO TCOURSE_SUBJECT (COURSE_ID, SUBJECT_ID)
	VALUES (1, 75);


-- TGROUP
INSERT INTO TGROUP (ID, CODE, TYPE, SUBJECT_COURSE_ID, SUBJECT_SUBJECT_ID)
	VALUES (1, 'T1', 'THEORY', 1, 1);	
INSERT INTO TGROUP (ID, CODE, TYPE, SUBJECT_COURSE_ID, SUBJECT_SUBJECT_ID)
	VALUES (2, 'L1', 'PRACTICE', 1, 1);	
INSERT INTO TGROUP (ID, CODE, TYPE, SUBJECT_COURSE_ID, SUBJECT_SUBJECT_ID)
	VALUES (3, 'S1', 'SEMINAR', 1, 1);	
INSERT INTO TGROUP (ID, CODE, TYPE, SUBJECT_COURSE_ID, SUBJECT_SUBJECT_ID)
	VALUES (4, 'TG1', 'GROUP_TUTORSHIP', 1, 1);	
	
INSERT INTO TGROUP (ID, CODE, TYPE, SUBJECT_COURSE_ID, SUBJECT_SUBJECT_ID)
	VALUES (5, 'T1', 'THEORY', 1, 2);
INSERT INTO TGROUP (ID, CODE, TYPE, SUBJECT_COURSE_ID, SUBJECT_SUBJECT_ID)
	VALUES (6, 'L1', 'PRACTICE', 1, 2);
INSERT INTO TGROUP (ID, CODE, TYPE, SUBJECT_COURSE_ID, SUBJECT_SUBJECT_ID)
	VALUES (7, 'S1', 'SEMINAR', 1, 2);
INSERT INTO TGROUP (ID, CODE, TYPE, SUBJECT_COURSE_ID, SUBJECT_SUBJECT_ID)
	VALUES (8, 'TG1', 'GROUP_TUTORSHIP', 1, 2);

INSERT INTO TGROUP (ID, CODE, TYPE, SUBJECT_COURSE_ID, SUBJECT_SUBJECT_ID)
	VALUES (9, 'T1', 'THEORY', 1, 3);	
INSERT INTO TGROUP (ID, CODE, TYPE, SUBJECT_COURSE_ID, SUBJECT_SUBJECT_ID)
	VALUES (10, 'L1', 'PRACTICE', 1, 3);
INSERT INTO TGROUP (ID, CODE, TYPE, SUBJECT_COURSE_ID, SUBJECT_SUBJECT_ID)
	VALUES (11, 'S1', 'SEMINAR', 1, 3);
INSERT INTO TGROUP (ID, CODE, TYPE, SUBJECT_COURSE_ID, SUBJECT_SUBJECT_ID)
	VALUES (12, 'TG1', 'GROUP_TUTORSHIP', 1, 3);

INSERT INTO TGROUP (ID, CODE, TYPE, SUBJECT_COURSE_ID, SUBJECT_SUBJECT_ID)
	VALUES (13, 'T1', 'THEORY', 1, 4);
INSERT INTO TGROUP (ID, CODE, TYPE, SUBJECT_COURSE_ID, SUBJECT_SUBJECT_ID)
	VALUES (14, 'L1', 'PRACTICE', 1, 4);
INSERT INTO TGROUP (ID, CODE, TYPE, SUBJECT_COURSE_ID, SUBJECT_SUBJECT_ID)
	VALUES (15, 'S1', 'SEMINAR', 1, 4);
INSERT INTO TGROUP (ID, CODE, TYPE, SUBJECT_COURSE_ID, SUBJECT_SUBJECT_ID)
	VALUES (16, 'TG1', 'GROUP_TUTORSHIP', 1, 4);

INSERT INTO TGROUP (ID, CODE, TYPE, SUBJECT_COURSE_ID, SUBJECT_SUBJECT_ID)
	VALUES (17, 'T1', 'THEORY', 1, 5);
INSERT INTO TGROUP (ID, CODE, TYPE, SUBJECT_COURSE_ID, SUBJECT_SUBJECT_ID)
	VALUES (18, 'L1', 'PRACTICE', 1, 5);
INSERT INTO TGROUP (ID, CODE, TYPE, SUBJECT_COURSE_ID, SUBJECT_SUBJECT_ID)
	VALUES (19, 'S1', 'SEMINAR', 1, 5);
INSERT INTO TGROUP (ID, CODE, TYPE, SUBJECT_COURSE_ID, SUBJECT_SUBJECT_ID)
	VALUES (20, 'TG1', 'GROUP_TUTORSHIP', 1, 5);

INSERT INTO TGROUP (ID, CODE, TYPE, SUBJECT_COURSE_ID, SUBJECT_SUBJECT_ID)
	VALUES (21, 'T1', 'THEORY', 1, 6);
INSERT INTO TGROUP (ID, CODE, TYPE, SUBJECT_COURSE_ID, SUBJECT_SUBJECT_ID)
	VALUES (22, 'L1', 'PRACTICE', 1, 6);
INSERT INTO TGROUP (ID, CODE, TYPE, SUBJECT_COURSE_ID, SUBJECT_SUBJECT_ID)
	VALUES (23, 'S1', 'SEMINAR', 1, 6);
INSERT INTO TGROUP (ID, CODE, TYPE, SUBJECT_COURSE_ID, SUBJECT_SUBJECT_ID)
	VALUES (24, 'TG1', 'GROUP_TUTORSHIP', 1, 6);

INSERT INTO TGROUP (ID, CODE, TYPE, SUBJECT_COURSE_ID, SUBJECT_SUBJECT_ID)
	VALUES (25, 'T1', 'THEORY', 1, 7);
INSERT INTO TGROUP (ID, CODE, TYPE, SUBJECT_COURSE_ID, SUBJECT_SUBJECT_ID)
	VALUES (26, 'L1', 'PRACTICE', 1, 7);
INSERT INTO TGROUP (ID, CODE, TYPE, SUBJECT_COURSE_ID, SUBJECT_SUBJECT_ID)
	VALUES (27, 'S1', 'SEMINAR', 1, 7);
INSERT INTO TGROUP (ID, CODE, TYPE, SUBJECT_COURSE_ID, SUBJECT_SUBJECT_ID)
	VALUES (28, 'TG1', 'GROUP_TUTORSHIP', 1, 7);

INSERT INTO TGROUP (ID, CODE, TYPE, SUBJECT_COURSE_ID, SUBJECT_SUBJECT_ID)
	VALUES (29, 'T1', 'THEORY', 1, 8);
INSERT INTO TGROUP (ID, CODE, TYPE, SUBJECT_COURSE_ID, SUBJECT_SUBJECT_ID)
	VALUES (30, 'L1', 'PRACTICE', 1, 8);
INSERT INTO TGROUP (ID, CODE, TYPE, SUBJECT_COURSE_ID, SUBJECT_SUBJECT_ID)
	VALUES (31, 'S1', 'SEMINAR', 1, 8);
INSERT INTO TGROUP (ID, CODE, TYPE, SUBJECT_COURSE_ID, SUBJECT_SUBJECT_ID)
	VALUES (32, 'TG1', 'GROUP_TUTORSHIP', 1, 8);

INSERT INTO TGROUP (ID, CODE, TYPE, SUBJECT_COURSE_ID, SUBJECT_SUBJECT_ID)
	VALUES (33, 'T1', 'THEORY', 1, 9);
INSERT INTO TGROUP (ID, CODE, TYPE, SUBJECT_COURSE_ID, SUBJECT_SUBJECT_ID)
	VALUES (34, 'L1', 'PRACTICE', 1, 9);
INSERT INTO TGROUP (ID, CODE, TYPE, SUBJECT_COURSE_ID, SUBJECT_SUBJECT_ID)
	VALUES (35, 'S1', 'SEMINAR', 1, 9);
INSERT INTO TGROUP (ID, CODE, TYPE, SUBJECT_COURSE_ID, SUBJECT_SUBJECT_ID)
	VALUES (36, 'TG1', 'GROUP_TUTORSHIP', 1, 9);

INSERT INTO TGROUP (ID, CODE, TYPE, SUBJECT_COURSE_ID, SUBJECT_SUBJECT_ID)
	VALUES (37, 'T1', 'THEORY', 1, 10);
INSERT INTO TGROUP (ID, CODE, TYPE, SUBJECT_COURSE_ID, SUBJECT_SUBJECT_ID)
	VALUES (38, 'L1', 'PRACTICE', 1, 10);
INSERT INTO TGROUP (ID, CODE, TYPE, SUBJECT_COURSE_ID, SUBJECT_SUBJECT_ID)
	VALUES (39, 'S1', 'SEMINAR', 1, 10);
INSERT INTO TGROUP (ID, CODE, TYPE, SUBJECT_COURSE_ID, SUBJECT_SUBJECT_ID)
	VALUES (40, 'TG1', 'GROUP_TUTORSHIP', 1, 10);

INSERT INTO TGROUP (ID, CODE, TYPE, SUBJECT_COURSE_ID, SUBJECT_SUBJECT_ID)
	VALUES (41, 'T1', 'THEORY', 1, 11);
INSERT INTO TGROUP (ID, CODE, TYPE, SUBJECT_COURSE_ID, SUBJECT_SUBJECT_ID)
	VALUES (42, 'L1', 'PRACTICE', 1, 11);
INSERT INTO TGROUP (ID, CODE, TYPE, SUBJECT_COURSE_ID, SUBJECT_SUBJECT_ID)
	VALUES (43, 'S1', 'SEMINAR', 1, 11);
INSERT INTO TGROUP (ID, CODE, TYPE, SUBJECT_COURSE_ID, SUBJECT_SUBJECT_ID)
	VALUES (44, 'TG1', 'GROUP_TUTORSHIP', 1, 11);

INSERT INTO TGROUP (ID, CODE, TYPE, SUBJECT_COURSE_ID, SUBJECT_SUBJECT_ID)
	VALUES (45, 'T1', 'THEORY', 1, 12);
INSERT INTO TGROUP (ID, CODE, TYPE, SUBJECT_COURSE_ID, SUBJECT_SUBJECT_ID)
	VALUES (46, 'L1', 'PRACTICE', 1, 12);
INSERT INTO TGROUP (ID, CODE, TYPE, SUBJECT_COURSE_ID, SUBJECT_SUBJECT_ID)
	VALUES (47, 'S1', 'SEMINAR', 1, 12);
INSERT INTO TGROUP (ID, CODE, TYPE, SUBJECT_COURSE_ID, SUBJECT_SUBJECT_ID)
	VALUES (48, 'TG1', 'GROUP_TUTORSHIP', 1, 12);

INSERT INTO TGROUP (ID, CODE, TYPE, SUBJECT_COURSE_ID, SUBJECT_SUBJECT_ID)
	VALUES (49, 'T1', 'THEORY', 1, 13);
INSERT INTO TGROUP (ID, CODE, TYPE, SUBJECT_COURSE_ID, SUBJECT_SUBJECT_ID)
	VALUES (50, 'L1', 'PRACTICE', 1, 13);
INSERT INTO TGROUP (ID, CODE, TYPE, SUBJECT_COURSE_ID, SUBJECT_SUBJECT_ID)
	VALUES (51, 'S1', 'SEMINAR', 1, 13);
INSERT INTO TGROUP (ID, CODE, TYPE, SUBJECT_COURSE_ID, SUBJECT_SUBJECT_ID)
	VALUES (52, 'TG1', 'GROUP_TUTORSHIP', 1, 13);

INSERT INTO TGROUP (ID, CODE, TYPE, SUBJECT_COURSE_ID, SUBJECT_SUBJECT_ID)
	VALUES (53, 'T1', 'THEORY', 1, 14);
INSERT INTO TGROUP (ID, CODE, TYPE, SUBJECT_COURSE_ID, SUBJECT_SUBJECT_ID)
	VALUES (54, 'L1', 'PRACTICE', 1, 14);
INSERT INTO TGROUP (ID, CODE, TYPE, SUBJECT_COURSE_ID, SUBJECT_SUBJECT_ID)
	VALUES (55, 'S1', 'SEMINAR', 1, 14);
INSERT INTO TGROUP (ID, CODE, TYPE, SUBJECT_COURSE_ID, SUBJECT_SUBJECT_ID)
	VALUES (56, 'TG1', 'GROUP_TUTORSHIP', 1, 14);

INSERT INTO TGROUP (ID, CODE, TYPE, SUBJECT_COURSE_ID, SUBJECT_SUBJECT_ID)
	VALUES (57, 'T1', 'THEORY', 1, 15);
INSERT INTO TGROUP (ID, CODE, TYPE, SUBJECT_COURSE_ID, SUBJECT_SUBJECT_ID)
	VALUES (58, 'L1', 'PRACTICE', 1, 15);
INSERT INTO TGROUP (ID, CODE, TYPE, SUBJECT_COURSE_ID, SUBJECT_SUBJECT_ID)
	VALUES (59, 'S1', 'SEMINAR', 1, 15);
INSERT INTO TGROUP (ID, CODE, TYPE, SUBJECT_COURSE_ID, SUBJECT_SUBJECT_ID)
	VALUES (60, 'TG1', 'GROUP_TUTORSHIP', 1, 15);

INSERT INTO TGROUP (ID, CODE, TYPE, SUBJECT_COURSE_ID, SUBJECT_SUBJECT_ID)
	VALUES (61, 'T1', 'THEORY', 1, 16);
INSERT INTO TGROUP (ID, CODE, TYPE, SUBJECT_COURSE_ID, SUBJECT_SUBJECT_ID)
	VALUES (62, 'L1', 'PRACTICE', 1, 16);
INSERT INTO TGROUP (ID, CODE, TYPE, SUBJECT_COURSE_ID, SUBJECT_SUBJECT_ID)
	VALUES (63, 'S1', 'SEMINAR', 1, 16);
INSERT INTO TGROUP (ID, CODE, TYPE, SUBJECT_COURSE_ID, SUBJECT_SUBJECT_ID)
	VALUES (64, 'TG1', 'GROUP_TUTORSHIP', 1, 16);

INSERT INTO TGROUP (ID, CODE, TYPE, SUBJECT_COURSE_ID, SUBJECT_SUBJECT_ID)
	VALUES (65, 'T1', 'THEORY', 1, 17);
INSERT INTO TGROUP (ID, CODE, TYPE, SUBJECT_COURSE_ID, SUBJECT_SUBJECT_ID)
	VALUES (66, 'L1', 'PRACTICE', 1, 17);
INSERT INTO TGROUP (ID, CODE, TYPE, SUBJECT_COURSE_ID, SUBJECT_SUBJECT_ID)
	VALUES (67, 'S1', 'SEMINAR', 1, 17);
INSERT INTO TGROUP (ID, CODE, TYPE, SUBJECT_COURSE_ID, SUBJECT_SUBJECT_ID)
	VALUES (68, 'TG1', 'GROUP_TUTORSHIP', 1, 17);

INSERT INTO TGROUP (ID, CODE, TYPE, SUBJECT_COURSE_ID, SUBJECT_SUBJECT_ID)
	VALUES (69, 'T1', 'THEORY', 1, 18);
INSERT INTO TGROUP (ID, CODE, TYPE, SUBJECT_COURSE_ID, SUBJECT_SUBJECT_ID)
	VALUES (70, 'L1', 'PRACTICE', 1, 18);
INSERT INTO TGROUP (ID, CODE, TYPE, SUBJECT_COURSE_ID, SUBJECT_SUBJECT_ID)
	VALUES (71, 'S1', 'SEMINAR', 1, 18);
INSERT INTO TGROUP (ID, CODE, TYPE, SUBJECT_COURSE_ID, SUBJECT_SUBJECT_ID)
	VALUES (72, 'TG1', 'GROUP_TUTORSHIP', 1, 18);

INSERT INTO TGROUP (ID, CODE, TYPE, SUBJECT_COURSE_ID, SUBJECT_SUBJECT_ID)
	VALUES (73, 'T1', 'THEORY', 1, 19);
INSERT INTO TGROUP (ID, CODE, TYPE, SUBJECT_COURSE_ID, SUBJECT_SUBJECT_ID)
	VALUES (74, 'L1', 'PRACTICE', 1, 19);
INSERT INTO TGROUP (ID, CODE, TYPE, SUBJECT_COURSE_ID, SUBJECT_SUBJECT_ID)
	VALUES (75, 'S1', 'SEMINAR', 1, 19);
INSERT INTO TGROUP (ID, CODE, TYPE, SUBJECT_COURSE_ID, SUBJECT_SUBJECT_ID)
	VALUES (76, 'TG1', 'GROUP_TUTORSHIP', 1, 19);

INSERT INTO TGROUP (ID, CODE, TYPE, SUBJECT_COURSE_ID, SUBJECT_SUBJECT_ID)
	VALUES (77, 'T1', 'THEORY', 1, 20);
INSERT INTO TGROUP (ID, CODE, TYPE, SUBJECT_COURSE_ID, SUBJECT_SUBJECT_ID)
	VALUES (78, 'L1', 'PRACTICE', 1, 20);
INSERT INTO TGROUP (ID, CODE, TYPE, SUBJECT_COURSE_ID, SUBJECT_SUBJECT_ID)
	VALUES (79, 'S1', 'SEMINAR', 1, 20);
INSERT INTO TGROUP (ID, CODE, TYPE, SUBJECT_COURSE_ID, SUBJECT_SUBJECT_ID)
	VALUES (80, 'TG1', 'GROUP_TUTORSHIP', 1, 20);

INSERT INTO TGROUP (ID, CODE, TYPE, SUBJECT_COURSE_ID, SUBJECT_SUBJECT_ID)
	VALUES (81, 'T1', 'THEORY', 1, 21);
INSERT INTO TGROUP (ID, CODE, TYPE, SUBJECT_COURSE_ID, SUBJECT_SUBJECT_ID)
	VALUES (82, 'L1', 'PRACTICE', 1, 21);
INSERT INTO TGROUP (ID, CODE, TYPE, SUBJECT_COURSE_ID, SUBJECT_SUBJECT_ID)
	VALUES (83, 'S1', 'SEMINAR', 1, 21);
INSERT INTO TGROUP (ID, CODE, TYPE, SUBJECT_COURSE_ID, SUBJECT_SUBJECT_ID)
	VALUES (84, 'TG1', 'GROUP_TUTORSHIP', 1, 21);

INSERT INTO TGROUP (ID, CODE, TYPE, SUBJECT_COURSE_ID, SUBJECT_SUBJECT_ID)
	VALUES (85, 'T1', 'THEORY', 1, 22);
INSERT INTO TGROUP (ID, CODE, TYPE, SUBJECT_COURSE_ID, SUBJECT_SUBJECT_ID)
	VALUES (86, 'L1', 'PRACTICE', 1, 22);
INSERT INTO TGROUP (ID, CODE, TYPE, SUBJECT_COURSE_ID, SUBJECT_SUBJECT_ID)
	VALUES (87, 'S1', 'SEMINAR', 1, 22);
INSERT INTO TGROUP (ID, CODE, TYPE, SUBJECT_COURSE_ID, SUBJECT_SUBJECT_ID)
	VALUES (88, 'TG1', 'GROUP_TUTORSHIP', 1, 22);

INSERT INTO TGROUP (ID, CODE, TYPE, SUBJECT_COURSE_ID, SUBJECT_SUBJECT_ID)
	VALUES (89, 'T1', 'THEORY', 1, 23);
INSERT INTO TGROUP (ID, CODE, TYPE, SUBJECT_COURSE_ID, SUBJECT_SUBJECT_ID)
	VALUES (90, 'L1', 'PRACTICE', 1, 23);
INSERT INTO TGROUP (ID, CODE, TYPE, SUBJECT_COURSE_ID, SUBJECT_SUBJECT_ID)
	VALUES (91, 'S1', 'SEMINAR', 1, 23);
INSERT INTO TGROUP (ID, CODE, TYPE, SUBJECT_COURSE_ID, SUBJECT_SUBJECT_ID)
	VALUES (92, 'TG1', 'GROUP_TUTORSHIP', 1, 23);

INSERT INTO TGROUP (ID, CODE, TYPE, SUBJECT_COURSE_ID, SUBJECT_SUBJECT_ID)
	VALUES (93, 'T1', 'THEORY', 1, 24);
INSERT INTO TGROUP (ID, CODE, TYPE, SUBJECT_COURSE_ID, SUBJECT_SUBJECT_ID)
	VALUES (94, 'L1', 'PRACTICE', 1, 24);
INSERT INTO TGROUP (ID, CODE, TYPE, SUBJECT_COURSE_ID, SUBJECT_SUBJECT_ID)
	VALUES (95, 'S1', 'SEMINAR', 1, 24);
INSERT INTO TGROUP (ID, CODE, TYPE, SUBJECT_COURSE_ID, SUBJECT_SUBJECT_ID)
	VALUES (96, 'TG1', 'GROUP_TUTORSHIP', 1, 24);

INSERT INTO TGROUP (ID, CODE, TYPE, SUBJECT_COURSE_ID, SUBJECT_SUBJECT_ID)
	VALUES (97, 'T1', 'THEORY', 1, 25);
INSERT INTO TGROUP (ID, CODE, TYPE, SUBJECT_COURSE_ID, SUBJECT_SUBJECT_ID)
	VALUES (98, 'L1', 'PRACTICE', 1, 25);
INSERT INTO TGROUP (ID, CODE, TYPE, SUBJECT_COURSE_ID, SUBJECT_SUBJECT_ID)
	VALUES (99, 'S1', 'SEMINAR', 1, 25);
INSERT INTO TGROUP (ID, CODE, TYPE, SUBJECT_COURSE_ID, SUBJECT_SUBJECT_ID)
	VALUES (100, 'TG1', 'GROUP_TUTORSHIP', 1, 25);

INSERT INTO TGROUP (ID, CODE, TYPE, SUBJECT_COURSE_ID, SUBJECT_SUBJECT_ID)
	VALUES (101, 'T1', 'THEORY', 1, 26);
INSERT INTO TGROUP (ID, CODE, TYPE, SUBJECT_COURSE_ID, SUBJECT_SUBJECT_ID)
	VALUES (102, 'L1', 'PRACTICE', 1, 26);
INSERT INTO TGROUP (ID, CODE, TYPE, SUBJECT_COURSE_ID, SUBJECT_SUBJECT_ID)
	VALUES (103, 'S1', 'SEMINAR', 1, 26);
INSERT INTO TGROUP (ID, CODE, TYPE, SUBJECT_COURSE_ID, SUBJECT_SUBJECT_ID)
	VALUES (104, 'TG1', 'GROUP_TUTORSHIP', 1, 26);

INSERT INTO TGROUP (ID, CODE, TYPE, SUBJECT_COURSE_ID, SUBJECT_SUBJECT_ID)
	VALUES (105, 'T1', 'THEORY', 1, 27);
INSERT INTO TGROUP (ID, CODE, TYPE, SUBJECT_COURSE_ID, SUBJECT_SUBJECT_ID)
	VALUES (106, 'L1', 'PRACTICE', 1, 27);
INSERT INTO TGROUP (ID, CODE, TYPE, SUBJECT_COURSE_ID, SUBJECT_SUBJECT_ID)
	VALUES (107, 'S1', 'SEMINAR', 1, 27);
INSERT INTO TGROUP (ID, CODE, TYPE, SUBJECT_COURSE_ID, SUBJECT_SUBJECT_ID)
	VALUES (108, 'TG1', 'GROUP_TUTORSHIP', 1, 27);

INSERT INTO TGROUP (ID, CODE, TYPE, SUBJECT_COURSE_ID, SUBJECT_SUBJECT_ID)
	VALUES (109, 'T1', 'THEORY', 1, 28);
INSERT INTO TGROUP (ID, CODE, TYPE, SUBJECT_COURSE_ID, SUBJECT_SUBJECT_ID)
	VALUES (110, 'L1', 'PRACTICE', 1, 28);
INSERT INTO TGROUP (ID, CODE, TYPE, SUBJECT_COURSE_ID, SUBJECT_SUBJECT_ID)
	VALUES (111, 'S1', 'SEMINAR', 1, 28);
INSERT INTO TGROUP (ID, CODE, TYPE, SUBJECT_COURSE_ID, SUBJECT_SUBJECT_ID)
	VALUES (112, 'TG1', 'GROUP_TUTORSHIP', 1, 28);

INSERT INTO TGROUP (ID, CODE, TYPE, SUBJECT_COURSE_ID, SUBJECT_SUBJECT_ID)
	VALUES (113, 'T1', 'THEORY', 1, 28);
INSERT INTO TGROUP (ID, CODE, TYPE, SUBJECT_COURSE_ID, SUBJECT_SUBJECT_ID)
	VALUES (114, 'L1', 'PRACTICE', 1, 28);
INSERT INTO TGROUP (ID, CODE, TYPE, SUBJECT_COURSE_ID, SUBJECT_SUBJECT_ID)
	VALUES (115, 'S1', 'SEMINAR', 1, 28);
INSERT INTO TGROUP (ID, CODE, TYPE, SUBJECT_COURSE_ID, SUBJECT_SUBJECT_ID)
	VALUES (116, 'TG1', 'GROUP_TUTORSHIP', 1, 28);

INSERT INTO TGROUP (ID, CODE, TYPE, SUBJECT_COURSE_ID, SUBJECT_SUBJECT_ID)
	VALUES (117, 'T1', 'THEORY', 1, 29);
INSERT INTO TGROUP (ID, CODE, TYPE, SUBJECT_COURSE_ID, SUBJECT_SUBJECT_ID)
	VALUES (118, 'L1', 'PRACTICE', 1, 29);
INSERT INTO TGROUP (ID, CODE, TYPE, SUBJECT_COURSE_ID, SUBJECT_SUBJECT_ID)
	VALUES (119, 'S1', 'SEMINAR', 1, 29);
INSERT INTO TGROUP (ID, CODE, TYPE, SUBJECT_COURSE_ID, SUBJECT_SUBJECT_ID)
	VALUES (120, 'TG1', 'GROUP_TUTORSHIP', 1, 29);

INSERT INTO TGROUP (ID, CODE, TYPE, SUBJECT_COURSE_ID, SUBJECT_SUBJECT_ID)
	VALUES (121, 'T1', 'THEORY', 1, 30);
INSERT INTO TGROUP (ID, CODE, TYPE, SUBJECT_COURSE_ID, SUBJECT_SUBJECT_ID)
	VALUES (122, 'L1', 'PRACTICE', 1, 30);
INSERT INTO TGROUP (ID, CODE, TYPE, SUBJECT_COURSE_ID, SUBJECT_SUBJECT_ID)
	VALUES (123, 'S1', 'SEMINAR', 1, 30);
INSERT INTO TGROUP (ID, CODE, TYPE, SUBJECT_COURSE_ID, SUBJECT_SUBJECT_ID)
	VALUES (124, 'TG1', 'GROUP_TUTORSHIP', 1, 30);

INSERT INTO TGROUP (ID, CODE, TYPE, SUBJECT_COURSE_ID, SUBJECT_SUBJECT_ID)
	VALUES (125, 'T1', 'THEORY', 1, 31);
INSERT INTO TGROUP (ID, CODE, TYPE, SUBJECT_COURSE_ID, SUBJECT_SUBJECT_ID)
	VALUES (126, 'L1', 'PRACTICE', 1, 31);
INSERT INTO TGROUP (ID, CODE, TYPE, SUBJECT_COURSE_ID, SUBJECT_SUBJECT_ID)
	VALUES (127, 'S1', 'SEMINAR', 1, 31);
INSERT INTO TGROUP (ID, CODE, TYPE, SUBJECT_COURSE_ID, SUBJECT_SUBJECT_ID)
	VALUES (128, 'TG1', 'GROUP_TUTORSHIP', 1, 31);

INSERT INTO TGROUP (ID, CODE, TYPE, SUBJECT_COURSE_ID, SUBJECT_SUBJECT_ID)
	VALUES (129, 'T1', 'THEORY', 1, 32);
INSERT INTO TGROUP (ID, CODE, TYPE, SUBJECT_COURSE_ID, SUBJECT_SUBJECT_ID)
	VALUES (130, 'L1', 'PRACTICE', 1, 32);
INSERT INTO TGROUP (ID, CODE, TYPE, SUBJECT_COURSE_ID, SUBJECT_SUBJECT_ID)
	VALUES (131, 'S1', 'SEMINAR', 1, 32);
INSERT INTO TGROUP (ID, CODE, TYPE, SUBJECT_COURSE_ID, SUBJECT_SUBJECT_ID)
	VALUES (132, 'TG1', 'GROUP_TUTORSHIP', 1, 32);

INSERT INTO TGROUP (ID, CODE, TYPE, SUBJECT_COURSE_ID, SUBJECT_SUBJECT_ID)
	VALUES (133, 'T1', 'THEORY', 1, 33);
INSERT INTO TGROUP (ID, CODE, TYPE, SUBJECT_COURSE_ID, SUBJECT_SUBJECT_ID)
	VALUES (134, 'L1', 'PRACTICE', 1, 33);
INSERT INTO TGROUP (ID, CODE, TYPE, SUBJECT_COURSE_ID, SUBJECT_SUBJECT_ID)
	VALUES (135, 'S1', 'SEMINAR', 1, 33);
INSERT INTO TGROUP (ID, CODE, TYPE, SUBJECT_COURSE_ID, SUBJECT_SUBJECT_ID)
	VALUES (136, 'TG1', 'GROUP_TUTORSHIP', 1, 33);

INSERT INTO TGROUP (ID, CODE, TYPE, SUBJECT_COURSE_ID, SUBJECT_SUBJECT_ID)
	VALUES (137, 'T1', 'THEORY', 1, 34);
INSERT INTO TGROUP (ID, CODE, TYPE, SUBJECT_COURSE_ID, SUBJECT_SUBJECT_ID)
	VALUES (138, 'L1', 'PRACTICE', 1, 34);
INSERT INTO TGROUP (ID, CODE, TYPE, SUBJECT_COURSE_ID, SUBJECT_SUBJECT_ID)
	VALUES (139, 'S1', 'SEMINAR', 1, 34);
INSERT INTO TGROUP (ID, CODE, TYPE, SUBJECT_COURSE_ID, SUBJECT_SUBJECT_ID)
	VALUES (140, 'TG1', 'GROUP_TUTORSHIP', 1, 34);

INSERT INTO TGROUP (ID, CODE, TYPE, SUBJECT_COURSE_ID, SUBJECT_SUBJECT_ID)
	VALUES (141, 'T1', 'THEORY', 1, 35);
INSERT INTO TGROUP (ID, CODE, TYPE, SUBJECT_COURSE_ID, SUBJECT_SUBJECT_ID)
	VALUES (142, 'L1', 'PRACTICE', 1, 35);
INSERT INTO TGROUP (ID, CODE, TYPE, SUBJECT_COURSE_ID, SUBJECT_SUBJECT_ID)
	VALUES (143, 'S1', 'SEMINAR', 1, 35);
INSERT INTO TGROUP (ID, CODE, TYPE, SUBJECT_COURSE_ID, SUBJECT_SUBJECT_ID)
	VALUES (144, 'TG1', 'GROUP_TUTORSHIP', 1, 35);

INSERT INTO TGROUP (ID, CODE, TYPE, SUBJECT_COURSE_ID, SUBJECT_SUBJECT_ID)
	VALUES (145, 'T1', 'THEORY', 1, 36);
INSERT INTO TGROUP (ID, CODE, TYPE, SUBJECT_COURSE_ID, SUBJECT_SUBJECT_ID)
	VALUES (146, 'L1', 'PRACTICE', 1, 36);
INSERT INTO TGROUP (ID, CODE, TYPE, SUBJECT_COURSE_ID, SUBJECT_SUBJECT_ID)
	VALUES (147, 'S1', 'SEMINAR', 1, 36);
INSERT INTO TGROUP (ID, CODE, TYPE, SUBJECT_COURSE_ID, SUBJECT_SUBJECT_ID)
	VALUES (148, 'TG1', 'GROUP_TUTORSHIP', 1, 36);

INSERT INTO TGROUP (ID, CODE, TYPE, SUBJECT_COURSE_ID, SUBJECT_SUBJECT_ID)
	VALUES (149, 'T1', 'THEORY', 1, 37);
INSERT INTO TGROUP (ID, CODE, TYPE, SUBJECT_COURSE_ID, SUBJECT_SUBJECT_ID)
	VALUES (150, 'L1', 'PRACTICE', 1, 37);
INSERT INTO TGROUP (ID, CODE, TYPE, SUBJECT_COURSE_ID, SUBJECT_SUBJECT_ID)
	VALUES (151, 'S1', 'SEMINAR', 1, 37);
INSERT INTO TGROUP (ID, CODE, TYPE, SUBJECT_COURSE_ID, SUBJECT_SUBJECT_ID)
	VALUES (152, 'TG1', 'GROUP_TUTORSHIP', 1, 37);

INSERT INTO TGROUP (ID, CODE, TYPE, SUBJECT_COURSE_ID, SUBJECT_SUBJECT_ID)
	VALUES (153, 'T1', 'THEORY', 1, 38);
INSERT INTO TGROUP (ID, CODE, TYPE, SUBJECT_COURSE_ID, SUBJECT_SUBJECT_ID)
	VALUES (154, 'L1', 'PRACTICE', 1, 38);
INSERT INTO TGROUP (ID, CODE, TYPE, SUBJECT_COURSE_ID, SUBJECT_SUBJECT_ID)
	VALUES (155, 'S1', 'SEMINAR', 1, 38);
INSERT INTO TGROUP (ID, CODE, TYPE, SUBJECT_COURSE_ID, SUBJECT_SUBJECT_ID)
	VALUES (156, 'TG1', 'GROUP_TUTORSHIP', 1, 38);

INSERT INTO TGROUP (ID, CODE, TYPE, SUBJECT_COURSE_ID, SUBJECT_SUBJECT_ID)
	VALUES (157, 'T1', 'THEORY', 1, 39);
INSERT INTO TGROUP (ID, CODE, TYPE, SUBJECT_COURSE_ID, SUBJECT_SUBJECT_ID)
	VALUES (158, 'L1', 'PRACTICE', 1, 39);
INSERT INTO TGROUP (ID, CODE, TYPE, SUBJECT_COURSE_ID, SUBJECT_SUBJECT_ID)
	VALUES (159, 'S1', 'SEMINAR', 1, 39);
INSERT INTO TGROUP (ID, CODE, TYPE, SUBJECT_COURSE_ID, SUBJECT_SUBJECT_ID)
	VALUES (160, 'TG1', 'GROUP_TUTORSHIP', 1, 39);

INSERT INTO TGROUP (ID, CODE, TYPE, SUBJECT_COURSE_ID, SUBJECT_SUBJECT_ID)
	VALUES (161, 'T1', 'THEORY', 1, 40);
INSERT INTO TGROUP (ID, CODE, TYPE, SUBJECT_COURSE_ID, SUBJECT_SUBJECT_ID)
	VALUES (162, 'L1', 'PRACTICE', 1, 40);
INSERT INTO TGROUP (ID, CODE, TYPE, SUBJECT_COURSE_ID, SUBJECT_SUBJECT_ID)
	VALUES (163, 'S1', 'SEMINAR', 1, 40);
INSERT INTO TGROUP (ID, CODE, TYPE, SUBJECT_COURSE_ID, SUBJECT_SUBJECT_ID)
	VALUES (164, 'TG1', 'GROUP_TUTORSHIP', 1, 40);

INSERT INTO TGROUP (ID, CODE, TYPE, SUBJECT_COURSE_ID, SUBJECT_SUBJECT_ID)
	VALUES (165, 'T1', 'THEORY', 1, 41);
INSERT INTO TGROUP (ID, CODE, TYPE, SUBJECT_COURSE_ID, SUBJECT_SUBJECT_ID)
	VALUES (166, 'L1', 'PRACTICE', 1, 41);
INSERT INTO TGROUP (ID, CODE, TYPE, SUBJECT_COURSE_ID, SUBJECT_SUBJECT_ID)
	VALUES (167, 'S1', 'SEMINAR', 1, 41);
INSERT INTO TGROUP (ID, CODE, TYPE, SUBJECT_COURSE_ID, SUBJECT_SUBJECT_ID)
	VALUES (168, 'TG1', 'GROUP_TUTORSHIP', 1, 41);

INSERT INTO TGROUP (ID, CODE, TYPE, SUBJECT_COURSE_ID, SUBJECT_SUBJECT_ID)
	VALUES (169, 'T1', 'THEORY', 1, 44);
INSERT INTO TGROUP (ID, CODE, TYPE, SUBJECT_COURSE_ID, SUBJECT_SUBJECT_ID)
	VALUES (170, 'L1', 'PRACTICE', 1, 44);
INSERT INTO TGROUP (ID, CODE, TYPE, SUBJECT_COURSE_ID, SUBJECT_SUBJECT_ID)
	VALUES (171, 'S1', 'SEMINAR', 1, 44);
INSERT INTO TGROUP (ID, CODE, TYPE, SUBJECT_COURSE_ID, SUBJECT_SUBJECT_ID)
	VALUES (172, 'TG1', 'GROUP_TUTORSHIP', 1, 44);


-- TUSER        
INSERT INTO TUSER (ID, DNI, FIRST_NAME, LAST_NAME, USER_NAME, PASSWORD, ROLE)
	VALUES (1, '38715982J', 'Omar', 'Segura Herrera', 'omar', '$2a$10$TMDmJe/BTHN9.qX6Ob2LTOx2hMwdVoGXcnX4gJZDGNdudDmw58/.C', 'TEACHER');
INSERT INTO TUSER (ID, DNI, FIRST_NAME, LAST_NAME, USER_NAME, PASSWORD, ROLE)
	VALUES (2, 'X4140255W', 'Rodrigo', 'Romero Jiménez', 'rodrigo', '$2a$10$C1i8.o/9wV8tf9JWOFeBDuYQxRbss7z01ZUpaxRVGe3f1ySe0wTRy', 'TEACHER');	
INSERT INTO TUSER (ID, DNI, FIRST_NAME, LAST_NAME, USER_NAME, PASSWORD, ROLE)
	VALUES (3, '12492246A', 'Jorge', 'Cortés Torres', 'jorge', '$2a$10$50DPorXESQA4KT920rQ8z.1Sc2UX5kUvUp5N/4ZZv6g9jU7Dg3J1a', 'TEACHER');	
INSERT INTO TUSER (ID, DNI, FIRST_NAME, LAST_NAME, USER_NAME, PASSWORD, ROLE)
	VALUES (4, '27234057X', 'Raquel', 'Márquez Crespo', 'raquel', '$2a$10$BNc0AilhZMgAucbkbtqjbeNHLFP6nIXWWQb2g1KIBmA03t9/FUcQy', 'TEACHER');	
INSERT INTO TUSER (ID, DNI, FIRST_NAME, LAST_NAME, USER_NAME, PASSWORD, ROLE)
	VALUES (5, '47254129P', 'Nicolás', 'Casas Romero', 'nicolas', '$2a$10$5QqNvHv1XK3A3g3TfEc/F.j/.R4D16lvX14x7Q5yWtzXFD6xKcRXy', 'TEACHER');	
INSERT INTO TUSER (ID, DNI, FIRST_NAME, LAST_NAME, USER_NAME, PASSWORD, ROLE)
	VALUES (6, '98947002J', 'Nayara', 'Guerrero Martín', 'nayara', '$2a$10$UU/t4TVY0PEgMCOptb1RyO1fcImGJ7SQ./ynJzdCO6/tsDLJfnhgy', 'TEACHER');
INSERT INTO TUSER (ID, DNI, FIRST_NAME, LAST_NAME, USER_NAME, PASSWORD, ROLE)
	VALUES (7, '93926379Z', 'Jon', 'Domenech Vázquez', 'jon', '$2a$10$7dShn.DAwIIpAJdxY08k2ePlNB62z99PYO4mKiFsUfogo2j6.YCcm', 'TEACHER');	
INSERT INTO TUSER (ID, DNI, FIRST_NAME, LAST_NAME, USER_NAME, PASSWORD, ROLE)
	VALUES (8, '44657825J', 'Érik', 'Rodriguez Crespo', 'erik', '$2a$10$0.ftrx/kTxwdES50ABsVxe2Lk4aVn1HMpLvah2tx1qWnYnSjkhTFe', 'TEACHER');	
INSERT INTO TUSER (ID, DNI, FIRST_NAME, LAST_NAME, USER_NAME, PASSWORD, ROLE)
	VALUES (9, '39310943X', 'Roberto', 'Ferrer Sanz', 'roberto', '$2a$10$.sYn/CLO8dbHNJdoDS3A0O906auPaQJChAXd.2FxW6Orciltb.B4.', 'TEACHER');	
INSERT INTO TUSER (ID, DNI, FIRST_NAME, LAST_NAME, USER_NAME, PASSWORD, ROLE)
	VALUES (10, '37293577C', 'Iris', 'Blanco Vidal', 'iris', '$2a$10$zRZ81bfZpw2NcMa/qQ6C/usX3AJkOZzY2iUpmia96s0eHwyNQ4Oje', 'TEACHER');
INSERT INTO TUSER (ID, DNI, FIRST_NAME, LAST_NAME, USER_NAME, PASSWORD, ROLE)
	VALUES (11, '06569544P', 'Pablo', 'BBlanco Nieto', 'pablo', '$2a$10$H4y.qLiZLsxbe0n3k68hQ.njmAs/8x3tXCFqKvZwDdN.0qSL1X2VG', 'TEACHER');
INSERT INTO TUSER (ID, DNI, FIRST_NAME, LAST_NAME, USER_NAME, PASSWORD, ROLE)
	VALUES (12, 'Z9501932Q', 'María', 'Guerrero Giménez', 'maria', '$2a$10$BcALNPm/BP615wLZGv3o0uZIlER6rvWEhWDccKTqOiS6HkIMVKTMy', 'TEACHER');
INSERT INTO TUSER (ID, DNI, FIRST_NAME, LAST_NAME, USER_NAME, PASSWORD, ROLE)
	VALUES (13, '51653358G', 'Alejandro', 'Sala Muñoz', 'alejandro', '$2a$10$VYPsL1QKF6lAbjSGsvH3u.coE5qWTOP/eRqijX9uv.qtdswHpteme', 'TEACHER');
INSERT INTO TUSER (ID, DNI, FIRST_NAME, LAST_NAME, USER_NAME, PASSWORD, ROLE)
	VALUES (14, '08316123J', 'Paula', 'Blanco Parra Ferrer', 'paula', '$2a$10$P1SFopzYK.dXviLdpchI4uXN17nkHr7maSeX6WGNP8PKUIjnhT0Le', 'TEACHER');
INSERT INTO TUSER (ID, DNI, FIRST_NAME, LAST_NAME, USER_NAME, PASSWORD, ROLE)
	VALUES (15, '81090462Y', 'Lucas', 'González Hernández', 'lucas', '$2a$10$Zfubz7MsqY9slTAldtTRLOEdvPNNfvHCQd4MPb5LV99NWSzfERt4K', 'TEACHER');
INSERT INTO TUSER (ID, DNI, FIRST_NAME, LAST_NAME, USER_NAME, PASSWORD, ROLE)
	VALUES (16, '22825763B', 'Alex', 'Márquez Rodríguez', 'alex', '$2a$10$sxPfGYHv8rvXB/bSdldwquJ1fjd8cJrZs/NM8iV4VBuc0vKU6G9CW', 'TEACHER');
INSERT INTO TUSER (ID, DNI, FIRST_NAME, LAST_NAME, USER_NAME, PASSWORD, ROLE)
	VALUES (17, '68085013E', 'Carmen', 'Vidal Navarro', 'carmen', '$2a$10$vWXs47OLXuKxFqiMrvQWLO2/Lw0O92OikzADnHN2MqqgKe219NLf2', 'TEACHER');
INSERT INTO TUSER (ID, DNI, FIRST_NAME, LAST_NAME, USER_NAME, PASSWORD, ROLE)
	VALUES (18, '45718344W', 'Ignacio', 'Medina Marin', 'ignacio', '$2a$10$130TCtjgU5Fw03FX252Xi.mIOEgO7GehXBZTK/xnQqkUDXNb8Ll7W', 'TEACHER');
INSERT INTO TUSER (ID, DNI, FIRST_NAME, LAST_NAME, USER_NAME, PASSWORD, ROLE)
	VALUES (19, '39496835Q', 'Pedro', 'Ruíz Lorenzo', 'pedro', '$2a$10$n8fMAApzF9U8dt7GC4HYEO7NlRyIpj1i8o28ueI6rnul0Fgu1cHTq', 'TEACHER');
INSERT INTO TUSER (ID, DNI, FIRST_NAME, LAST_NAME, USER_NAME, PASSWORD, ROLE)
	VALUES (20, 'Y2971556Q', 'Martina', 'Fernández Delgado', 'martina', '$2a$10$vUocpcKMs2jtNAro3gUsX./zbqalimzTlTrr.XiPKtf8B9yjarZAq', 'TEACHER');

INSERT INTO TUSER (ID, DNI, FIRST_NAME, LAST_NAME, USER_NAME, PASSWORD, ROLE)
	VALUES (21, '89571085T', 'José', 'Serrano Castro', 'UO123456', '$2a$10$gczhEId1hK6vRXE4445Wi.LMRo4ZxW0iUYJdRLI3ZS8oD.skFwogS', 'STUDENT');
INSERT INTO TUSER (ID, DNI, FIRST_NAME, LAST_NAME, USER_NAME, PASSWORD, ROLE)
	VALUES (22, '31556281M', 'Jorge', 'Dominguez Ibañez', 'UO216833', '$2a$10$Aow65KUAMFxl0l0kMLMLl.cyHIB78vHxNywjuGbRGYCIx7ZcZl6CO', 'STUDENT');	
INSERT INTO TUSER (ID, DNI, FIRST_NAME, LAST_NAME, USER_NAME, PASSWORD, ROLE)
	VALUES (23, 'Z7119259M', 'Eva', 'Gallego Cano', 'UO517341', '$2a$10$YKtQkCtHhFWYzKNr4UABGuwz7oZy2vG3F0PbrwjWswIxkELYlx4IO', 'STUDENT');	
INSERT INTO TUSER (ID, DNI, FIRST_NAME, LAST_NAME, USER_NAME, PASSWORD, ROLE)
	VALUES (24, '68240192C', 'Hugo', 'Fernandez Peña', 'UO128137', '$2a$10$58rQMO7yK/YJ4/wotwhrFuPA1HJhaO62xjahmwUBNustQqFM26MPq', 'STUDENT');	
INSERT INTO TUSER (ID, DNI, FIRST_NAME, LAST_NAME, USER_NAME, PASSWORD, ROLE)
	VALUES (25, '20570804H', 'Leo', 'Hidalgo Soto', 'UO629759', '$2a$10$7aOC4Qg4lSqMxW.93tPlPewz9inxiYMlgCgtydCmZyq0l/s5S1BHq', 'STUDENT');	
INSERT INTO TUSER (ID, DNI, FIRST_NAME, LAST_NAME, USER_NAME, PASSWORD, ROLE)
	VALUES (26, '94243683X', 'Mar', 'Pascual Velasco', 'UO841353', '$2a$10$NST6we9f72gAMvrJD4VIp.CYyf4fs9pHA/XmX9LfMahnMuvciT5da', 'STUDENT');
INSERT INTO TUSER (ID, DNI, FIRST_NAME, LAST_NAME, USER_NAME, PASSWORD, ROLE)
	VALUES (27, '07231257B', 'Cristina', 'Parra Santos', 'UO770343', '$2a$10$NrQ1QaUiuGVd7rmU6TeLMueNOB7bx4JUobIdW2drQnXHUDr4JmJce', 'STUDENT');	
INSERT INTO TUSER (ID, DNI, FIRST_NAME, LAST_NAME, USER_NAME, PASSWORD, ROLE)
	VALUES (28, '32115738X', 'Mario', 'Diaz Carrasco', 'UO174388', '$2a$10$4PdiSTUCRF6vRHp.3T9ViO/8wLklhqKCUQ2vdM7ZyeFZ.mOqtBFw6', 'STUDENT');	
INSERT INTO TUSER (ID, DNI, FIRST_NAME, LAST_NAME, USER_NAME, PASSWORD, ROLE)
	VALUES (29, '93890161K', 'Miguel Ángel', 'Flores Caballero', 'UO268575', '$2a$10$YqQb8F.pnJ83OTeljlVXHOoA6QLfw2Dvvjj1jY.iUq9GRbZFpBQja', 'STUDENT');	
INSERT INTO TUSER (ID, DNI, FIRST_NAME, LAST_NAME, USER_NAME, PASSWORD, ROLE)
	VALUES (30, '84933743X', 'Aroa', 'Rubio Cruz', 'UO416433', '$2a$10$EC1CnumxTrhZKFsg6cWGyuiOMuiPT9NvbgJfb2QZvk08QAH9SMrlW', 'STUDENT');
INSERT INTO TUSER (ID, DNI, FIRST_NAME, LAST_NAME, USER_NAME, PASSWORD, ROLE)
	VALUES (31, '55005533K', 'Gabriel', 'Aguilar Méndez', 'UO805237', '$2a$10$cHdq75k9RT1F9H5BrVu4R.TomGQ46aUniBaP7HhC.vHU.m5y5F8ki', 'STUDENT');
INSERT INTO TUSER (ID, DNI, FIRST_NAME, LAST_NAME, USER_NAME, PASSWORD, ROLE)
	VALUES (32, '45876274Z', 'Joel', 'Molina Vargas', 'UO465001', '$2a$10$3/u5HiTZRStcUO2iUs07pu2F4Xvrq29n8adaEMCkW9/z3o96nohVy', 'STUDENT');
INSERT INTO TUSER (ID, DNI, FIRST_NAME, LAST_NAME, USER_NAME, PASSWORD, ROLE)
	VALUES (33, 'Z0416663T', 'Javier', 'Soler Álvarez', 'UO629619', '$2a$10$mZMSs.dsJcBR1xIizvdbZ./GwSjFmN9Fw8nuj9JyQqCMqmK5GLnYa', 'STUDENT');
INSERT INTO TUSER (ID, DNI, FIRST_NAME, LAST_NAME, USER_NAME, PASSWORD, ROLE)
	VALUES (34, '67234447L', 'Daniela', 'Gallardo Domínguez', 'UO135146', '$2a$10$BJCy0p7//nhFwYdWdjon5O7Fa0aaDgAYyESjAak3IUg4mj2iebsrq', 'STUDENT');
INSERT INTO TUSER (ID, DNI, FIRST_NAME, LAST_NAME, USER_NAME, PASSWORD, ROLE)
	VALUES (35, '42659325Y', 'Carlos', 'Hidalgo Castro', 'UO394109', '$2a$10$Ta1FVAAdmNTkbtGCOKAne.Aw11QSetfgyW4fRr3oJGVHoJ.hOuhNC', 'STUDENT');
INSERT INTO TUSER (ID, DNI, FIRST_NAME, LAST_NAME, USER_NAME, PASSWORD, ROLE)
	VALUES (36, '48160550E', 'Lidia', 'Carmona Velasco', 'UO749029', '$2a$10$OpzWelDjvGgjx8V3Xlzxeu0qVPA93auJAvhClVbVjb96MgqpOOiJ.', 'STUDENT');
INSERT INTO TUSER (ID, DNI, FIRST_NAME, LAST_NAME, USER_NAME, PASSWORD, ROLE)
	VALUES (37, '03066362W', 'Ignacio', 'Rodríguez Sanz', 'UO633726', '$2a$10$SbmM9tgyrDBp9cL7VGc6Quc3vKj2GR0AihKuSHyWNiezK9UWuNJLm', 'STUDENT');
INSERT INTO TUSER (ID, DNI, FIRST_NAME, LAST_NAME, USER_NAME, PASSWORD, ROLE)
	VALUES (38, '85984668L', 'Diana', 'Serrano Parra', 'UO714639', '$2a$10$O/s4CuBvUF.4p02tDoAaPukRdu4F0LRXcLrr34AyCBbN1uwEwJe5a', 'STUDENT');
INSERT INTO TUSER (ID, DNI, FIRST_NAME, LAST_NAME, USER_NAME, PASSWORD, ROLE)
	VALUES (39, '33394438W', 'José Manuel', 'Ruiz Hidalgo', 'UO102466', '$2a$10$LvkVI8BI2oaLTQAIVlV/IuDdZFJQ7QPaSTl22SjI6LM0bdEf2TFJO', 'STUDENT');
INSERT INTO TUSER (ID, DNI, FIRST_NAME, LAST_NAME, USER_NAME, PASSWORD, ROLE)
	VALUES (40, 'X7675344Z', 'Andrea', 'Méndez Duran', 'UO775655', '$2a$10$9bPj30ZIdIQGNa9RFk0KYeSvldsvN/AU5HRts8mOFXGDPgpzFMCay', 'STUDENT');

INSERT INTO TUSER (ID, DNI, FIRST_NAME, LAST_NAME, USER_NAME, PASSWORD, ROLE)
	VALUES (41, 'X2955185F', 'Jordi', 'Cabrera Vázquez', 'admin', '$2a$10$LEJw6SSUozkdBLEFKZsCvuh6I36dTKjS5yeulhXJdoRjhg.Nmhicq', 'ADMIN');	
INSERT INTO TUSER (ID, DNI, FIRST_NAME, LAST_NAME, USER_NAME, PASSWORD, ROLE)
	VALUES (42, '23898602S', 'Santiago', 'Pérez Prieto', 'santiago', '$2a$10$3XCs2w/gb/vt0.BPT2IecO83JF30PdQKxZ.Ihh/tLdKm2XXBCbKTW', 'ADMIN');	


-- TTEACHER_GROUP
INSERT INTO TTEACHER_GROUP (GROUP_ID, TEACHER_ID)
	VALUES (1, 1);
INSERT INTO TTEACHER_GROUP (GROUP_ID, TEACHER_ID)
	VALUES (2, 1);
INSERT INTO TTEACHER_GROUP (GROUP_ID, TEACHER_ID)
	VALUES (3, 1);
INSERT INTO TTEACHER_GROUP (GROUP_ID, TEACHER_ID)
	VALUES (4, 1);
INSERT INTO TTEACHER_GROUP (GROUP_ID, TEACHER_ID)
	VALUES (5, 1);
INSERT INTO TTEACHER_GROUP (GROUP_ID, TEACHER_ID)
	VALUES (6, 1);
INSERT INTO TTEACHER_GROUP (GROUP_ID, TEACHER_ID)
	VALUES (7, 1);
INSERT INTO TTEACHER_GROUP (GROUP_ID, TEACHER_ID)
	VALUES (8, 1);
INSERT INTO TTEACHER_GROUP (GROUP_ID, TEACHER_ID)
	VALUES (9, 1);
INSERT INTO TTEACHER_GROUP (GROUP_ID, TEACHER_ID)
	VALUES (10, 1);
INSERT INTO TTEACHER_GROUP (GROUP_ID, TEACHER_ID)
	VALUES (11, 1);
INSERT INTO TTEACHER_GROUP (GROUP_ID, TEACHER_ID)
	VALUES (12, 1);
INSERT INTO TTEACHER_GROUP (GROUP_ID, TEACHER_ID)
	VALUES (13, 1);
INSERT INTO TTEACHER_GROUP (GROUP_ID, TEACHER_ID)
	VALUES (14, 1);
INSERT INTO TTEACHER_GROUP (GROUP_ID, TEACHER_ID)
	VALUES (15, 1);
INSERT INTO TTEACHER_GROUP (GROUP_ID, TEACHER_ID)
	VALUES (16, 1);
INSERT INTO TTEACHER_GROUP (GROUP_ID, TEACHER_ID)
	VALUES (37, 1);
INSERT INTO TTEACHER_GROUP (GROUP_ID, TEACHER_ID)
	VALUES (38, 1);
INSERT INTO TTEACHER_GROUP (GROUP_ID, TEACHER_ID)
	VALUES (39, 1);
INSERT INTO TTEACHER_GROUP (GROUP_ID, TEACHER_ID)
	VALUES (40, 1);
	
INSERT INTO TTEACHER_GROUP (GROUP_ID, TEACHER_ID)
	VALUES (17, 2);
INSERT INTO TTEACHER_GROUP (GROUP_ID, TEACHER_ID)
	VALUES (18, 2);
INSERT INTO TTEACHER_GROUP (GROUP_ID, TEACHER_ID)
	VALUES (19, 2);
INSERT INTO TTEACHER_GROUP (GROUP_ID, TEACHER_ID)
	VALUES (20, 2);
INSERT INTO TTEACHER_GROUP (GROUP_ID, TEACHER_ID)
	VALUES (21, 2);
INSERT INTO TTEACHER_GROUP (GROUP_ID, TEACHER_ID)
	VALUES (22, 2);
INSERT INTO TTEACHER_GROUP (GROUP_ID, TEACHER_ID)
	VALUES (23, 2);
INSERT INTO TTEACHER_GROUP (GROUP_ID, TEACHER_ID)
	VALUES (24, 2);
	
INSERT INTO TTEACHER_GROUP (GROUP_ID, TEACHER_ID)
	VALUES (25, 3);
INSERT INTO TTEACHER_GROUP (GROUP_ID, TEACHER_ID)
	VALUES (26, 3);
INSERT INTO TTEACHER_GROUP (GROUP_ID, TEACHER_ID)
	VALUES (27, 3);
INSERT INTO TTEACHER_GROUP (GROUP_ID, TEACHER_ID)
	VALUES (28, 3);
	
INSERT INTO TTEACHER_GROUP (GROUP_ID, TEACHER_ID)
	VALUES (29, 4);
INSERT INTO TTEACHER_GROUP (GROUP_ID, TEACHER_ID)
	VALUES (30, 4);
INSERT INTO TTEACHER_GROUP (GROUP_ID, TEACHER_ID)
	VALUES (31, 4);
INSERT INTO TTEACHER_GROUP (GROUP_ID, TEACHER_ID)
	VALUES (32, 4);

INSERT INTO TTEACHER_GROUP (GROUP_ID, TEACHER_ID)
	VALUES (33, 5);
INSERT INTO TTEACHER_GROUP (GROUP_ID, TEACHER_ID)
	VALUES (34, 5);
INSERT INTO TTEACHER_GROUP (GROUP_ID, TEACHER_ID)
	VALUES (35, 5);
INSERT INTO TTEACHER_GROUP (GROUP_ID, TEACHER_ID)
	VALUES (36, 5);

INSERT INTO TTEACHER_GROUP (GROUP_ID, TEACHER_ID)
	VALUES (37, 6);
INSERT INTO TTEACHER_GROUP (GROUP_ID, TEACHER_ID)
	VALUES (38, 6);
INSERT INTO TTEACHER_GROUP (GROUP_ID, TEACHER_ID)
	VALUES (39, 6);
INSERT INTO TTEACHER_GROUP (GROUP_ID, TEACHER_ID)
	VALUES (40, 6);

INSERT INTO TTEACHER_GROUP (GROUP_ID, TEACHER_ID)
	VALUES (41, 7);
INSERT INTO TTEACHER_GROUP (GROUP_ID, TEACHER_ID)
	VALUES (42, 7);
INSERT INTO TTEACHER_GROUP (GROUP_ID, TEACHER_ID)
	VALUES (43, 7);
INSERT INTO TTEACHER_GROUP (GROUP_ID, TEACHER_ID)
	VALUES (44, 7);

INSERT INTO TTEACHER_GROUP (GROUP_ID, TEACHER_ID)
	VALUES (45, 8);
INSERT INTO TTEACHER_GROUP (GROUP_ID, TEACHER_ID)
	VALUES (46, 8);
INSERT INTO TTEACHER_GROUP (GROUP_ID, TEACHER_ID)
	VALUES (47, 8);
INSERT INTO TTEACHER_GROUP (GROUP_ID, TEACHER_ID)
	VALUES (48, 8);

INSERT INTO TTEACHER_GROUP (GROUP_ID, TEACHER_ID)
	VALUES (49, 9);
INSERT INTO TTEACHER_GROUP (GROUP_ID, TEACHER_ID)
	VALUES (50, 9);
INSERT INTO TTEACHER_GROUP (GROUP_ID, TEACHER_ID)
	VALUES (51, 9);
INSERT INTO TTEACHER_GROUP (GROUP_ID, TEACHER_ID)
	VALUES (52, 9);

INSERT INTO TTEACHER_GROUP (GROUP_ID, TEACHER_ID)
	VALUES (53, 10);
INSERT INTO TTEACHER_GROUP (GROUP_ID, TEACHER_ID)
	VALUES (54, 10);
INSERT INTO TTEACHER_GROUP (GROUP_ID, TEACHER_ID)
	VALUES (55, 10);
INSERT INTO TTEACHER_GROUP (GROUP_ID, TEACHER_ID)
	VALUES (56, 10);

INSERT INTO TTEACHER_GROUP (GROUP_ID, TEACHER_ID)
	VALUES (57, 11);
INSERT INTO TTEACHER_GROUP (GROUP_ID, TEACHER_ID)
	VALUES (58, 11);
INSERT INTO TTEACHER_GROUP (GROUP_ID, TEACHER_ID)
	VALUES (59, 11);
INSERT INTO TTEACHER_GROUP (GROUP_ID, TEACHER_ID)
	VALUES (60, 11);

INSERT INTO TTEACHER_GROUP (GROUP_ID, TEACHER_ID)
	VALUES (61, 12);
INSERT INTO TTEACHER_GROUP (GROUP_ID, TEACHER_ID)
	VALUES (62, 12);
INSERT INTO TTEACHER_GROUP (GROUP_ID, TEACHER_ID)
	VALUES (63, 12);
INSERT INTO TTEACHER_GROUP (GROUP_ID, TEACHER_ID)
	VALUES (64, 12);

INSERT INTO TTEACHER_GROUP (GROUP_ID, TEACHER_ID)
	VALUES (65, 13);
INSERT INTO TTEACHER_GROUP (GROUP_ID, TEACHER_ID)
	VALUES (66, 13);
INSERT INTO TTEACHER_GROUP (GROUP_ID, TEACHER_ID)
	VALUES (67, 13);
INSERT INTO TTEACHER_GROUP (GROUP_ID, TEACHER_ID)
	VALUES (68, 13);

INSERT INTO TTEACHER_GROUP (GROUP_ID, TEACHER_ID)
	VALUES (69, 14);
INSERT INTO TTEACHER_GROUP (GROUP_ID, TEACHER_ID)
	VALUES (70, 14);
INSERT INTO TTEACHER_GROUP (GROUP_ID, TEACHER_ID)
	VALUES (71, 14);
INSERT INTO TTEACHER_GROUP (GROUP_ID, TEACHER_ID)
	VALUES (72, 14);

INSERT INTO TTEACHER_GROUP (GROUP_ID, TEACHER_ID)
	VALUES (73, 15);
INSERT INTO TTEACHER_GROUP (GROUP_ID, TEACHER_ID)
	VALUES (74, 15);
INSERT INTO TTEACHER_GROUP (GROUP_ID, TEACHER_ID)
	VALUES (75, 15);
INSERT INTO TTEACHER_GROUP (GROUP_ID, TEACHER_ID)
	VALUES (76, 15);

INSERT INTO TTEACHER_GROUP (GROUP_ID, TEACHER_ID)
	VALUES (77, 16);
INSERT INTO TTEACHER_GROUP (GROUP_ID, TEACHER_ID)
	VALUES (78, 16);
INSERT INTO TTEACHER_GROUP (GROUP_ID, TEACHER_ID)
	VALUES (79, 16);
INSERT INTO TTEACHER_GROUP (GROUP_ID, TEACHER_ID)
	VALUES (80, 16);

INSERT INTO TTEACHER_GROUP (GROUP_ID, TEACHER_ID)
	VALUES (81, 17);
INSERT INTO TTEACHER_GROUP (GROUP_ID, TEACHER_ID)
	VALUES (82, 17);
INSERT INTO TTEACHER_GROUP (GROUP_ID, TEACHER_ID)
	VALUES (83, 17);
INSERT INTO TTEACHER_GROUP (GROUP_ID, TEACHER_ID)
	VALUES (84, 17);

INSERT INTO TTEACHER_GROUP (GROUP_ID, TEACHER_ID)
	VALUES (85, 18);
INSERT INTO TTEACHER_GROUP (GROUP_ID, TEACHER_ID)
	VALUES (86, 18);
INSERT INTO TTEACHER_GROUP (GROUP_ID, TEACHER_ID)
	VALUES (87, 18);
INSERT INTO TTEACHER_GROUP (GROUP_ID, TEACHER_ID)
	VALUES (88, 18);

INSERT INTO TTEACHER_GROUP (GROUP_ID, TEACHER_ID)
	VALUES (89, 19);
INSERT INTO TTEACHER_GROUP (GROUP_ID, TEACHER_ID)
	VALUES (90, 19);
INSERT INTO TTEACHER_GROUP (GROUP_ID, TEACHER_ID)
	VALUES (91, 19);
INSERT INTO TTEACHER_GROUP (GROUP_ID, TEACHER_ID)
	VALUES (92, 19);

INSERT INTO TTEACHER_GROUP (GROUP_ID, TEACHER_ID)
	VALUES (93, 20);
INSERT INTO TTEACHER_GROUP (GROUP_ID, TEACHER_ID)
	VALUES (94, 20);
INSERT INTO TTEACHER_GROUP (GROUP_ID, TEACHER_ID)
	VALUES (95, 20);
INSERT INTO TTEACHER_GROUP (GROUP_ID, TEACHER_ID)
	VALUES (96, 20);

INSERT INTO TTEACHER_GROUP (GROUP_ID, TEACHER_ID)
	VALUES (97, 3);
INSERT INTO TTEACHER_GROUP (GROUP_ID, TEACHER_ID)
	VALUES (98, 3);
INSERT INTO TTEACHER_GROUP (GROUP_ID, TEACHER_ID)
	VALUES (99, 3);
INSERT INTO TTEACHER_GROUP (GROUP_ID, TEACHER_ID)
	VALUES (100, 3);

INSERT INTO TTEACHER_GROUP (GROUP_ID, TEACHER_ID)
	VALUES (101, 4);
INSERT INTO TTEACHER_GROUP (GROUP_ID, TEACHER_ID)
	VALUES (102, 4);
INSERT INTO TTEACHER_GROUP (GROUP_ID, TEACHER_ID)
	VALUES (103, 4);
INSERT INTO TTEACHER_GROUP (GROUP_ID, TEACHER_ID)
	VALUES (104, 4);

INSERT INTO TTEACHER_GROUP (GROUP_ID, TEACHER_ID)
	VALUES (105, 5);
INSERT INTO TTEACHER_GROUP (GROUP_ID, TEACHER_ID)
	VALUES (106, 5);
INSERT INTO TTEACHER_GROUP (GROUP_ID, TEACHER_ID)
	VALUES (107, 5);
INSERT INTO TTEACHER_GROUP (GROUP_ID, TEACHER_ID)
	VALUES (108, 5);

INSERT INTO TTEACHER_GROUP (GROUP_ID, TEACHER_ID)
	VALUES (109, 6);
INSERT INTO TTEACHER_GROUP (GROUP_ID, TEACHER_ID)
	VALUES (110, 6);
INSERT INTO TTEACHER_GROUP (GROUP_ID, TEACHER_ID)
	VALUES (111, 6);
INSERT INTO TTEACHER_GROUP (GROUP_ID, TEACHER_ID)
	VALUES (112, 6);

INSERT INTO TTEACHER_GROUP (GROUP_ID, TEACHER_ID)
	VALUES (113, 7);
INSERT INTO TTEACHER_GROUP (GROUP_ID, TEACHER_ID)
	VALUES (114, 7);
INSERT INTO TTEACHER_GROUP (GROUP_ID, TEACHER_ID)
	VALUES (115, 7);
INSERT INTO TTEACHER_GROUP (GROUP_ID, TEACHER_ID)
	VALUES (116, 7);

INSERT INTO TTEACHER_GROUP (GROUP_ID, TEACHER_ID)
	VALUES (117, 8);
INSERT INTO TTEACHER_GROUP (GROUP_ID, TEACHER_ID)
	VALUES (118, 8);
INSERT INTO TTEACHER_GROUP (GROUP_ID, TEACHER_ID)
	VALUES (119, 8);
INSERT INTO TTEACHER_GROUP (GROUP_ID, TEACHER_ID)
	VALUES (120, 8);

INSERT INTO TTEACHER_GROUP (GROUP_ID, TEACHER_ID)
	VALUES (121, 9);
INSERT INTO TTEACHER_GROUP (GROUP_ID, TEACHER_ID)
	VALUES (122, 9);
INSERT INTO TTEACHER_GROUP (GROUP_ID, TEACHER_ID)
	VALUES (123, 9);
INSERT INTO TTEACHER_GROUP (GROUP_ID, TEACHER_ID)
	VALUES (124, 9);

INSERT INTO TTEACHER_GROUP (GROUP_ID, TEACHER_ID)
	VALUES (125, 10);
INSERT INTO TTEACHER_GROUP (GROUP_ID, TEACHER_ID)
	VALUES (126, 10);
INSERT INTO TTEACHER_GROUP (GROUP_ID, TEACHER_ID)
	VALUES (127, 10);
INSERT INTO TTEACHER_GROUP (GROUP_ID, TEACHER_ID)
	VALUES (128, 10);
	
INSERT INTO TTEACHER_GROUP (GROUP_ID, TEACHER_ID)
	VALUES (129, 11);
INSERT INTO TTEACHER_GROUP (GROUP_ID, TEACHER_ID)
	VALUES (130, 11);
INSERT INTO TTEACHER_GROUP (GROUP_ID, TEACHER_ID)
	VALUES (131, 11);
INSERT INTO TTEACHER_GROUP (GROUP_ID, TEACHER_ID)
	VALUES (132, 11);

INSERT INTO TTEACHER_GROUP (GROUP_ID, TEACHER_ID)
	VALUES (133, 12);
INSERT INTO TTEACHER_GROUP (GROUP_ID, TEACHER_ID)
	VALUES (134, 12);
INSERT INTO TTEACHER_GROUP (GROUP_ID, TEACHER_ID)
	VALUES (135, 12);
INSERT INTO TTEACHER_GROUP (GROUP_ID, TEACHER_ID)
	VALUES (136, 12);

INSERT INTO TTEACHER_GROUP (GROUP_ID, TEACHER_ID)
	VALUES (137, 13);
INSERT INTO TTEACHER_GROUP (GROUP_ID, TEACHER_ID)
	VALUES (138, 13);
INSERT INTO TTEACHER_GROUP (GROUP_ID, TEACHER_ID)
	VALUES (139, 13);
INSERT INTO TTEACHER_GROUP (GROUP_ID, TEACHER_ID)
	VALUES (140, 13);

INSERT INTO TTEACHER_GROUP (GROUP_ID, TEACHER_ID)
	VALUES (141, 14);
INSERT INTO TTEACHER_GROUP (GROUP_ID, TEACHER_ID)
	VALUES (142, 14);
INSERT INTO TTEACHER_GROUP (GROUP_ID, TEACHER_ID)
	VALUES (143, 14);
INSERT INTO TTEACHER_GROUP (GROUP_ID, TEACHER_ID)
	VALUES (144, 14);

INSERT INTO TTEACHER_GROUP (GROUP_ID, TEACHER_ID)
	VALUES (145, 15);
INSERT INTO TTEACHER_GROUP (GROUP_ID, TEACHER_ID)
	VALUES (146, 15);
INSERT INTO TTEACHER_GROUP (GROUP_ID, TEACHER_ID)
	VALUES (147, 15);
INSERT INTO TTEACHER_GROUP (GROUP_ID, TEACHER_ID)
	VALUES (148, 15);

INSERT INTO TTEACHER_GROUP (GROUP_ID, TEACHER_ID)
	VALUES (149, 16);
INSERT INTO TTEACHER_GROUP (GROUP_ID, TEACHER_ID)
	VALUES (150, 16);
INSERT INTO TTEACHER_GROUP (GROUP_ID, TEACHER_ID)
	VALUES (151, 16);
INSERT INTO TTEACHER_GROUP (GROUP_ID, TEACHER_ID)
	VALUES (152, 16);

INSERT INTO TTEACHER_GROUP (GROUP_ID, TEACHER_ID)
	VALUES (153, 17);
INSERT INTO TTEACHER_GROUP (GROUP_ID, TEACHER_ID)
	VALUES (154, 17);
INSERT INTO TTEACHER_GROUP (GROUP_ID, TEACHER_ID)
	VALUES (155, 17);
INSERT INTO TTEACHER_GROUP (GROUP_ID, TEACHER_ID)
	VALUES (156, 17);

INSERT INTO TTEACHER_GROUP (GROUP_ID, TEACHER_ID)
	VALUES (157, 18);
INSERT INTO TTEACHER_GROUP (GROUP_ID, TEACHER_ID)
	VALUES (158, 18);
INSERT INTO TTEACHER_GROUP (GROUP_ID, TEACHER_ID)
	VALUES (159, 18);
INSERT INTO TTEACHER_GROUP (GROUP_ID, TEACHER_ID)
	VALUES (160, 18);

INSERT INTO TTEACHER_GROUP (GROUP_ID, TEACHER_ID)
	VALUES (161, 19);
INSERT INTO TTEACHER_GROUP (GROUP_ID, TEACHER_ID)
	VALUES (162, 19);
INSERT INTO TTEACHER_GROUP (GROUP_ID, TEACHER_ID)
	VALUES (163, 19);
INSERT INTO TTEACHER_GROUP (GROUP_ID, TEACHER_ID)
	VALUES (164, 19);

INSERT INTO TTEACHER_GROUP (GROUP_ID, TEACHER_ID)
	VALUES (165, 20);
INSERT INTO TTEACHER_GROUP (GROUP_ID, TEACHER_ID)
	VALUES (166, 20);
INSERT INTO TTEACHER_GROUP (GROUP_ID, TEACHER_ID)
	VALUES (167, 20);
INSERT INTO TTEACHER_GROUP (GROUP_ID, TEACHER_ID)
	VALUES (168, 20);

INSERT INTO TTEACHER_GROUP (GROUP_ID, TEACHER_ID)
	VALUES (169, 2);
INSERT INTO TTEACHER_GROUP (GROUP_ID, TEACHER_ID)
	VALUES (170, 2);
INSERT INTO TTEACHER_GROUP (GROUP_ID, TEACHER_ID)
	VALUES (171, 2);
INSERT INTO TTEACHER_GROUP (GROUP_ID, TEACHER_ID)
	VALUES (172, 2);

	
-- TSTUDENT_GROUP
INSERT INTO TSTUDENT_GROUP (GROUP_ID, STUDENT_ID)
	VALUES (1, 21);
INSERT INTO TSTUDENT_GROUP (GROUP_ID, STUDENT_ID)
	VALUES (2, 21);
INSERT INTO TSTUDENT_GROUP (GROUP_ID, STUDENT_ID)
	VALUES (3, 21);
INSERT INTO TSTUDENT_GROUP (GROUP_ID, STUDENT_ID)
	VALUES (4, 21);
INSERT INTO TSTUDENT_GROUP (GROUP_ID, STUDENT_ID)
	VALUES (5, 21);
INSERT INTO TSTUDENT_GROUP (GROUP_ID, STUDENT_ID)
	VALUES (6, 21);
INSERT INTO TSTUDENT_GROUP (GROUP_ID, STUDENT_ID)
	VALUES (7, 21);
INSERT INTO TSTUDENT_GROUP (GROUP_ID, STUDENT_ID)
	VALUES (8, 21);
INSERT INTO TSTUDENT_GROUP (GROUP_ID, STUDENT_ID)
	VALUES (9, 21);
INSERT INTO TSTUDENT_GROUP (GROUP_ID, STUDENT_ID)
	VALUES (10, 21);
INSERT INTO TSTUDENT_GROUP (GROUP_ID, STUDENT_ID)
	VALUES (11, 21);
INSERT INTO TSTUDENT_GROUP (GROUP_ID, STUDENT_ID)
	VALUES (12, 21);
INSERT INTO TSTUDENT_GROUP (GROUP_ID, STUDENT_ID)
	VALUES (13, 21);
INSERT INTO TSTUDENT_GROUP (GROUP_ID, STUDENT_ID)
	VALUES (14, 21);
INSERT INTO TSTUDENT_GROUP (GROUP_ID, STUDENT_ID)
	VALUES (15, 21);
INSERT INTO TSTUDENT_GROUP (GROUP_ID, STUDENT_ID)
	VALUES (16, 21);
INSERT INTO TSTUDENT_GROUP (GROUP_ID, STUDENT_ID)
	VALUES (17, 21);
INSERT INTO TSTUDENT_GROUP (GROUP_ID, STUDENT_ID)
	VALUES (18, 21);
INSERT INTO TSTUDENT_GROUP (GROUP_ID, STUDENT_ID)
	VALUES (19, 21);
INSERT INTO TSTUDENT_GROUP (GROUP_ID, STUDENT_ID)
	VALUES (20, 21);
INSERT INTO TSTUDENT_GROUP (GROUP_ID, STUDENT_ID)
	VALUES (21, 21);
INSERT INTO TSTUDENT_GROUP (GROUP_ID, STUDENT_ID)
	VALUES (22, 21);
INSERT INTO TSTUDENT_GROUP (GROUP_ID, STUDENT_ID)
	VALUES (23, 21);
INSERT INTO TSTUDENT_GROUP (GROUP_ID, STUDENT_ID)
	VALUES (24, 21);
INSERT INTO TSTUDENT_GROUP (GROUP_ID, STUDENT_ID)
	VALUES (25, 21);
INSERT INTO TSTUDENT_GROUP (GROUP_ID, STUDENT_ID)
	VALUES (26, 21);
INSERT INTO TSTUDENT_GROUP (GROUP_ID, STUDENT_ID)
	VALUES (27, 21);
INSERT INTO TSTUDENT_GROUP (GROUP_ID, STUDENT_ID)
	VALUES (28, 21);
INSERT INTO TSTUDENT_GROUP (GROUP_ID, STUDENT_ID)
	VALUES (29, 21);
INSERT INTO TSTUDENT_GROUP (GROUP_ID, STUDENT_ID)
	VALUES (30, 21);
INSERT INTO TSTUDENT_GROUP (GROUP_ID, STUDENT_ID)
	VALUES (31, 21);
INSERT INTO TSTUDENT_GROUP (GROUP_ID, STUDENT_ID)
	VALUES (32, 21);
INSERT INTO TSTUDENT_GROUP (GROUP_ID, STUDENT_ID)
	VALUES (33, 21);
INSERT INTO TSTUDENT_GROUP (GROUP_ID, STUDENT_ID)
	VALUES (34, 21);
INSERT INTO TSTUDENT_GROUP (GROUP_ID, STUDENT_ID)
	VALUES (35, 21);
INSERT INTO TSTUDENT_GROUP (GROUP_ID, STUDENT_ID)
	VALUES (36, 21);
INSERT INTO TSTUDENT_GROUP (GROUP_ID, STUDENT_ID)
	VALUES (37, 21);
INSERT INTO TSTUDENT_GROUP (GROUP_ID, STUDENT_ID)
	VALUES (38, 21);
INSERT INTO TSTUDENT_GROUP (GROUP_ID, STUDENT_ID)
	VALUES (39, 21);
INSERT INTO TSTUDENT_GROUP (GROUP_ID, STUDENT_ID)
	VALUES (40, 21);
	
-- TSESSION
INSERT INTO TSESSION (ID, DESCRIPTION, END, LOCATION, START, GROUP_ID)
	VALUES (1, 'Sesión 1 para el grupo T1.', '2020-09-13 14:00:00', 'A-2-01', '2020-09-13 13:00:00', 1);
INSERT INTO TSESSION (ID, DESCRIPTION, END, LOCATION, START, GROUP_ID)
	VALUES (2, 'Sesión 2 para el grupo T1.', '2020-09-15 14:00:00', 'A-2-01', '2020-09-15 13:00:00', 1);
INSERT INTO TSESSION (ID, DESCRIPTION, END, LOCATION, START, GROUP_ID)
	VALUES (3, 'Sesión 3 para el grupo T1.', '2020-09-20 14:00:00', 'A-2-01', '2020-09-20 13:00:00', 1);
INSERT INTO TSESSION (ID, DESCRIPTION, END, LOCATION, START, GROUP_ID)
	VALUES (4, 'Sesión 4 para el grupo T1.', '2020-09-22 14:00:00', 'A-2-01', '2020-09-22 13:00:00', 1);
INSERT INTO TSESSION (ID, DESCRIPTION, END, LOCATION, START, GROUP_ID)
	VALUES (5, 'Sesión 5 para el grupo T1.', '2020-09-27 14:00:00', 'A-2-01', '2020-09-27 13:00:00', 1);
INSERT INTO TSESSION (ID, DESCRIPTION, END, LOCATION, START, GROUP_ID)
	VALUES (6, 'Sesión 6 para el grupo T1.', '2020-09-29 14:00:00', 'A-2-01', '2020-09-29 13:00:00', 1);
INSERT INTO TSESSION (ID, DESCRIPTION, END, LOCATION, START, GROUP_ID)
	VALUES (7, 'Sesión 7 para el grupo T1.', '2020-10-04 14:00:00', 'A-2-01', '2020-10-04 13:00:00', 1);
INSERT INTO TSESSION (ID, DESCRIPTION, END, LOCATION, START, GROUP_ID)
	VALUES (8, 'Sesión 8 para el grupo T1.', '2020-10-06 14:00:00', 'A-2-01', '2020-10-06 13:00:00', 1);
INSERT INTO TSESSION (ID, DESCRIPTION, END, LOCATION, START, GROUP_ID)
	VALUES (9, 'Sesión 9 para el grupo T1.', '2020-10-11 14:00:00', 'A-2-01', '2020-10-11 13:00:00', 1);
INSERT INTO TSESSION (ID, DESCRIPTION, END, LOCATION, START, GROUP_ID)
	VALUES (10, 'Sesión 10 para el grupo T1.', '2020-10-13 14:00:00', 'A-2-01', '2020-10-13 13:00:00', 1);
INSERT INTO TSESSION (ID, DESCRIPTION, END, LOCATION, START, GROUP_ID)
	VALUES (11, 'Sesión 11 para el grupo T1.', '2020-10-18 14:00:00', 'A-2-01', '2020-10-18 13:00:00', 1);
INSERT INTO TSESSION (ID, DESCRIPTION, END, LOCATION, START, GROUP_ID)
	VALUES (12, 'Sesión 12 para el grupo T1.', '2020-10-20 14:00:00', 'A-2-01', '2020-10-20 13:00:00', 1);
INSERT INTO TSESSION (ID, DESCRIPTION, END, LOCATION, START, GROUP_ID)
	VALUES (13, 'Sesión 13 para el grupo T1.', '2020-10-25 14:00:00', 'A-2-01', '2020-10-25 13:00:00', 1);
INSERT INTO TSESSION (ID, DESCRIPTION, END, LOCATION, START, GROUP_ID)
	VALUES (14, 'Sesión 14 para el grupo T1.', '2020-10-27 14:00:00', 'A-2-01', '2020-10-27 13:00:00', 1);
INSERT INTO TSESSION (ID, DESCRIPTION, END, LOCATION, START, GROUP_ID)
	VALUES (15, 'Sesión 15 para el grupo T1.', '2020-11-03 14:00:00', 'A-2-01', '2020-11-03 13:00:00', 1);
INSERT INTO TSESSION (ID, DESCRIPTION, END, LOCATION, START, GROUP_ID)
	VALUES (16, 'Sesión 16 para el grupo T1.', '2020-11-08 14:00:00', 'A-2-01', '2020-11-08 13:00:00', 1);
INSERT INTO TSESSION (ID, DESCRIPTION, END, LOCATION, START, GROUP_ID)
	VALUES (17, 'Sesión 17 para el grupo T1.', '2020-11-10 14:00:00', 'A-2-01', '2020-11-10 13:00:00', 1);
INSERT INTO TSESSION (ID, DESCRIPTION, END, LOCATION, START, GROUP_ID)
	VALUES (18, 'Sesión 18 para el grupo T1.', '2020-11-15 14:00:00', 'A-2-01', '2020-11-05 13:00:00', 1);
INSERT INTO TSESSION (ID, DESCRIPTION, END, LOCATION, START, GROUP_ID)
	VALUES (19, 'Sesión 19 para el grupo T1.', '2020-11-17 14:00:00', 'A-2-01', '2020-11-17 13:00:00', 1);
INSERT INTO TSESSION (ID, DESCRIPTION, END, LOCATION, START, GROUP_ID)
	VALUES (20, 'Sesión 20 para el grupo T1.', '2020-11-22 14:00:00', 'A-2-01', '2020-11-22 13:00:00', 1);
INSERT INTO TSESSION (ID, DESCRIPTION, END, LOCATION, START, GROUP_ID)
	VALUES (21, 'Sesión 21 para el grupo T1.', '2020-11-24 14:00:00', 'A-2-01', '2020-11-24 13:00:00', 1);
INSERT INTO TSESSION (ID, DESCRIPTION, END, LOCATION, START, GROUP_ID)
	VALUES (22, 'Sesión 22 para el grupo T1.', '2020-11-29 14:00:00', 'A-2-01', '2020-11-29 13:00:00', 1);
INSERT INTO TSESSION (ID, DESCRIPTION, END, LOCATION, START, GROUP_ID)
	VALUES (23, 'Sesión 23 para el grupo T1.', '2020-12-01 14:00:00', 'A-2-01', '2020-12-01 13:00:00', 1);
INSERT INTO TSESSION (ID, DESCRIPTION, END, LOCATION, START, GROUP_ID)
	VALUES (24, 'Sesión 24 para el grupo T1.', '2020-12-13 14:00:00', 'A-2-01', '2020-12-13 13:00:00', 1);
INSERT INTO TSESSION (ID, DESCRIPTION, END, LOCATION, START, GROUP_ID)
	VALUES (25, 'Sesión 25 para el grupo T1.', '2020-12-15 14:00:00', 'A-2-01', '2020-12-15 13:00:00', 1);

INSERT INTO TSESSION (ID, DESCRIPTION, END, LOCATION, START, GROUP_ID)
	VALUES (26, 'Sesión 1 para el grupo L1.', '2020-09-15 11:00:00', 'L-11', '2020-09-15 09:00:00', 2);
INSERT INTO TSESSION (ID, DESCRIPTION, END, LOCATION, START, GROUP_ID)
	VALUES (27, 'Sesión 2 para el grupo L1.', '2020-09-22 11:00:00', 'L-11', '2020-09-22 09:00:00', 2);
INSERT INTO TSESSION (ID, DESCRIPTION, END, LOCATION, START, GROUP_ID)
	VALUES (28, 'Sesión 3 para el grupo L1.', '2020-09-29 11:00:00', 'L-11', '2020-09-29 09:00:00', 2);
INSERT INTO TSESSION (ID, DESCRIPTION, END, LOCATION, START, GROUP_ID)
	VALUES (29, 'Sesión 4 para el grupo L1.', '2020-10-06 11:00:00', 'L-11', '2020-10-06 09:00:00', 2);
INSERT INTO TSESSION (ID, DESCRIPTION, END, LOCATION, START, GROUP_ID)
	VALUES (30, 'Sesión 5 para el grupo L1.', '2020-10-13 11:00:00', 'L-11', '2020-10-13 09:00:00', 2);
INSERT INTO TSESSION (ID, DESCRIPTION, END, LOCATION, START, GROUP_ID)
	VALUES (31, 'Sesión 6 para el grupo L1.', '2020-10-20 11:00:00', 'L-11', '2020-10-20 09:00:00', 2);
INSERT INTO TSESSION (ID, DESCRIPTION, END, LOCATION, START, GROUP_ID)
	VALUES (32, 'Sesión 7 para el grupo L1.', '2020-10-27 11:00:00', 'L-11', '2020-10-27 09:00:00', 2);
INSERT INTO TSESSION (ID, DESCRIPTION, END, LOCATION, START, GROUP_ID)
	VALUES (33, 'Sesión 8 para el grupo L1.', '2020-11-03 11:00:00', 'L-11', '2020-11-03 09:00:00', 2);
INSERT INTO TSESSION (ID, DESCRIPTION, END, LOCATION, START, GROUP_ID)
	VALUES (34, 'Sesión 9 para el grupo L1.', '2020-11-10 11:00:00', 'L-11', '2020-11-10 09:00:00', 2);
INSERT INTO TSESSION (ID, DESCRIPTION, END, LOCATION, START, GROUP_ID)
	VALUES (35, 'Sesión 10 para el grupo L1.', '2020-11-17 11:00:00', 'L-11', '2020-11-17 09:00:00', 2);
INSERT INTO TSESSION (ID, DESCRIPTION, END, LOCATION, START, GROUP_ID)
	VALUES (36, 'Sesión 11 para el grupo L1.', '2020-11-24 11:00:00', 'L-11', '2020-11-24 09:00:00', 2);
INSERT INTO TSESSION (ID, DESCRIPTION, END, LOCATION, START, GROUP_ID)
	VALUES (37, 'Sesión 12 para el grupo L1.', '2020-12-01 11:00:00', 'L-11', '2020-12-01 09:00:00', 2);
INSERT INTO TSESSION (ID, DESCRIPTION, END, LOCATION, START, GROUP_ID)
	VALUES (38, 'Sesión 13 para el grupo L1.', '2020-12-15 11:00:00', 'L-11', '2020-12-15 09:00:00', 2);

INSERT INTO TSESSION (ID, DESCRIPTION, END, LOCATION, START, GROUP_ID)
	VALUES (39, 'Sesión 1 para el grupo TG1.', '2020-10-19 15:00:00', 'L-S-01', '2020-10-19 14:00:00', 4);
INSERT INTO TSESSION (ID, DESCRIPTION, END, LOCATION, START, GROUP_ID)
	VALUES (40, 'Sesión 2 para el grupo TG1.', '2020-11-16 15:00:00', 'L-S-01', '2020-11-16 14:00:00', 4);


INSERT INTO TSESSION (ID, DESCRIPTION, END, LOCATION, START, GROUP_ID)
	VALUES (41, 'Sesión 1 para el grupo T1.', '2020-09-13 12:00:00', 'A-2-01', '2020-09-13 11:00:00', 5);
INSERT INTO TSESSION (ID, DESCRIPTION, END, LOCATION, START, GROUP_ID)
	VALUES (42, 'Sesión 2 para el grupo T1.', '2020-09-15 12:00:00', 'A-2-01', '2020-09-15 11:00:00', 5);
INSERT INTO TSESSION (ID, DESCRIPTION, END, LOCATION, START, GROUP_ID)
	VALUES (43, 'Sesión 3 para el grupo T1.', '2020-09-20 12:00:00', 'A-2-01', '2020-09-20 11:00:00', 5);
INSERT INTO TSESSION (ID, DESCRIPTION, END, LOCATION, START, GROUP_ID)
	VALUES (44, 'Sesión 4 para el grupo T1.', '2020-09-22 12:00:00', 'A-2-01', '2020-09-22 11:00:00', 5);
INSERT INTO TSESSION (ID, DESCRIPTION, END, LOCATION, START, GROUP_ID)
	VALUES (45, 'Sesión 5 para el grupo T1.', '2020-09-27 12:00:00', 'A-2-01', '2020-09-27 11:00:00', 5);
INSERT INTO TSESSION (ID, DESCRIPTION, END, LOCATION, START, GROUP_ID)
	VALUES (46, 'Sesión 6 para el grupo T1.', '2020-09-29 12:00:00', 'A-2-01', '2020-09-29 11:00:00', 5);
INSERT INTO TSESSION (ID, DESCRIPTION, END, LOCATION, START, GROUP_ID)
	VALUES (47, 'Sesión 7 para el grupo T1.', '2020-10-04 12:00:00', 'A-2-01', '2020-10-04 11:00:00', 5);
INSERT INTO TSESSION (ID, DESCRIPTION, END, LOCATION, START, GROUP_ID)
	VALUES (48, 'Sesión 8 para el grupo T1.', '2020-10-06 12:00:00', 'A-2-01', '2020-10-06 11:00:00', 5);
INSERT INTO TSESSION (ID, DESCRIPTION, END, LOCATION, START, GROUP_ID)
	VALUES (49, 'Sesión 9 para el grupo T1.', '2020-10-11 12:00:00', 'A-2-01', '2020-10-11 11:00:00', 5);
INSERT INTO TSESSION (ID, DESCRIPTION, END, LOCATION, START, GROUP_ID)
	VALUES (50, 'Sesión 10 para el grupo T1.', '2020-10-13 12:00:00', 'A-2-01', '2020-10-13 11:00:00', 5);
INSERT INTO TSESSION (ID, DESCRIPTION, END, LOCATION, START, GROUP_ID)
	VALUES (51, 'Sesión 11 para el grupo T1.', '2020-10-18 12:00:00', 'A-2-01', '2020-10-18 11:00:00', 5);
INSERT INTO TSESSION (ID, DESCRIPTION, END, LOCATION, START, GROUP_ID)
	VALUES (52, 'Sesión 12 para el grupo T1.', '2020-10-20 12:00:00', 'A-2-01', '2020-10-20 11:00:00', 5);
INSERT INTO TSESSION (ID, DESCRIPTION, END, LOCATION, START, GROUP_ID)
	VALUES (53, 'Sesión 13 para el grupo T1.', '2020-10-25 12:00:00', 'A-2-01', '2020-10-25 11:00:00', 5);
INSERT INTO TSESSION (ID, DESCRIPTION, END, LOCATION, START, GROUP_ID)
	VALUES (54, 'Sesión 14 para el grupo T1.', '2020-10-27 12:00:00', 'A-2-01', '2020-10-27 11:00:00', 5);
INSERT INTO TSESSION (ID, DESCRIPTION, END, LOCATION, START, GROUP_ID)
	VALUES (55, 'Sesión 15 para el grupo T1.', '2020-11-03 12:00:00', 'A-2-01', '2020-11-03 11:00:00', 5);
INSERT INTO TSESSION (ID, DESCRIPTION, END, LOCATION, START, GROUP_ID)
	VALUES (56, 'Sesión 16 para el grupo T1.', '2020-11-08 12:00:00', 'A-2-01', '2020-11-08 11:00:00', 5);
INSERT INTO TSESSION (ID, DESCRIPTION, END, LOCATION, START, GROUP_ID)
	VALUES (57, 'Sesión 17 para el grupo T1.', '2020-11-10 12:00:00', 'A-2-01', '2020-11-10 11:00:00', 5);
INSERT INTO TSESSION (ID, DESCRIPTION, END, LOCATION, START, GROUP_ID)
	VALUES (58, 'Sesión 18 para el grupo T1.', '2020-11-15 12:00:00', 'A-2-01', '2020-11-05 11:00:00', 5);
INSERT INTO TSESSION (ID, DESCRIPTION, END, LOCATION, START, GROUP_ID)
	VALUES (59, 'Sesión 19 para el grupo T1.', '2020-11-17 12:00:00', 'A-2-01', '2020-11-17 11:00:00', 5);
INSERT INTO TSESSION (ID, DESCRIPTION, END, LOCATION, START, GROUP_ID)
	VALUES (60, 'Sesión 20 para el grupo T1.', '2020-11-22 12:00:00', 'A-2-01', '2020-11-22 11:00:00', 5);
INSERT INTO TSESSION (ID, DESCRIPTION, END, LOCATION, START, GROUP_ID)
	VALUES (61, 'Sesión 21 para el grupo T1.', '2020-11-24 12:00:00', 'A-2-01', '2020-11-24 11:00:00', 5);
INSERT INTO TSESSION (ID, DESCRIPTION, END, LOCATION, START, GROUP_ID)
	VALUES (62, 'Sesión 22 para el grupo T1.', '2020-11-29 12:00:00', 'A-2-01', '2020-11-29 11:00:00', 5);
INSERT INTO TSESSION (ID, DESCRIPTION, END, LOCATION, START, GROUP_ID)
	VALUES (63, 'Sesión 23 para el grupo T1.', '2020-12-01 12:00:00', 'A-2-01', '2020-12-01 11:00:00', 5);
INSERT INTO TSESSION (ID, DESCRIPTION, END, LOCATION, START, GROUP_ID)
	VALUES (64, 'Sesión 24 para el grupo T1.', '2020-12-13 12:00:00', 'A-2-01', '2020-12-13 11:00:00', 5);
INSERT INTO TSESSION (ID, DESCRIPTION, END, LOCATION, START, GROUP_ID)
	VALUES (65, 'Sesión 25 para el grupo T1.', '2020-12-15 12:00:00', 'A-2-01', '2020-12-15 11:00:00', 5);

INSERT INTO TSESSION (ID, DESCRIPTION, END, LOCATION, START, GROUP_ID)
	VALUES (66, 'Sesión 1 para el grupo L1.', '2020-09-28 11:00:00', 'L-01', '2020-09-28 09:30:00', 6);
INSERT INTO TSESSION (ID, DESCRIPTION, END, LOCATION, START, GROUP_ID)
	VALUES (67, 'Sesión 2 para el grupo L1.', '2020-10-26 11:00:00', 'L-01', '2020-10-26 09:30:00', 6);
INSERT INTO TSESSION (ID, DESCRIPTION, END, LOCATION, START, GROUP_ID)
	VALUES (68, 'Sesión 3 para el grupo L1.', '2020-11-09 11:00:00', 'L-01', '2020-11-09 09:30:00', 6);
INSERT INTO TSESSION (ID, DESCRIPTION, END, LOCATION, START, GROUP_ID)
	VALUES (69, 'Sesión 4 para el grupo L1.', '2020-11-23 11:00:00', 'L-01', '2020-11-23 09:30:00', 6);
INSERT INTO TSESSION (ID, DESCRIPTION, END, LOCATION, START, GROUP_ID)
	VALUES (70, 'Sesión 5 para el grupo L1.', '2020-12-07 11:00:00', 'L-01', '2020-12-07 09:30:00', 6);

INSERT INTO TSESSION (ID, DESCRIPTION, END, LOCATION, START, GROUP_ID)
	VALUES (71, 'Sesión 1 para el grupo S1.', '2020-09-12 13:00:00', 'A-2-01', '2020-09-12 11:30:00', 7);
INSERT INTO TSESSION (ID, DESCRIPTION, END, LOCATION, START, GROUP_ID)
	VALUES (72, 'Sesión 2 para el grupo S1.', '2020-09-19 13:00:00', 'A-2-01', '2020-09-19 11:30:00', 7);
INSERT INTO TSESSION (ID, DESCRIPTION, END, LOCATION, START, GROUP_ID)
	VALUES (73, 'Sesión 3 para el grupo S1.', '2020-09-26 13:00:00', 'A-2-01', '2020-09-26 11:30:00', 7);
INSERT INTO TSESSION (ID, DESCRIPTION, END, LOCATION, START, GROUP_ID)
	VALUES (74, 'Sesión 4 para el grupo S1.', '2020-10-03 13:00:00', 'A-2-01', '2020-10-03 11:30:00', 7);
INSERT INTO TSESSION (ID, DESCRIPTION, END, LOCATION, START, GROUP_ID)
	VALUES (75, 'Sesión 5 para el grupo S1.', '2020-10-10 13:00:00', 'A-2-01', '2020-10-10 11:30:00', 7);
INSERT INTO TSESSION (ID, DESCRIPTION, END, LOCATION, START, GROUP_ID)
	VALUES (76, 'Sesión 6 para el grupo S1.', '2020-10-17 13:00:00', 'A-2-01', '2020-10-17 11:30:00', 7);
INSERT INTO TSESSION (ID, DESCRIPTION, END, LOCATION, START, GROUP_ID)
	VALUES (77, 'Sesión 7 para el grupo S1.', '2020-10-24 13:00:00', 'A-2-01', '2020-10-24 11:30:00', 7);
INSERT INTO TSESSION (ID, DESCRIPTION, END, LOCATION, START, GROUP_ID)
	VALUES (78, 'Sesión 8 para el grupo S1.', '2020-10-31 13:00:00', 'A-2-01', '2020-10-31 11:30:00', 7);
INSERT INTO TSESSION (ID, DESCRIPTION, END, LOCATION, START, GROUP_ID)
	VALUES (79, 'Sesión 9 para el grupo S1.', '2020-11-07 13:00:00', 'A-2-01', '2020-11-07 11:30:00', 7);
INSERT INTO TSESSION (ID, DESCRIPTION, END, LOCATION, START, GROUP_ID)
	VALUES (80, 'Sesión 10 para el grupo S1.', '2020-11-14 13:00:00', 'A-2-01', '2020-11-14 11:30:00', 7);
INSERT INTO TSESSION (ID, DESCRIPTION, END, LOCATION, START, GROUP_ID)
	VALUES (81, 'Sesión 11 para el grupo S1.', '2020-11-21 13:00:00', 'A-2-01', '2020-11-21 11:30:00', 7);
INSERT INTO TSESSION (ID, DESCRIPTION, END, LOCATION, START, GROUP_ID)
	VALUES (82, 'Sesión 12 para el grupo S1.', '2020-11-28 13:00:00', 'A-2-01', '2020-11-28 11:30:00', 7);
INSERT INTO TSESSION (ID, DESCRIPTION, END, LOCATION, START, GROUP_ID)
	VALUES (83, 'Sesión 13 para el grupo S1.', '2020-12-05 13:00:00', 'A-2-01', '2020-12-05 11:30:00', 7);
INSERT INTO TSESSION (ID, DESCRIPTION, END, LOCATION, START, GROUP_ID)
	VALUES (84, 'Sesión 14 para el grupo S1.', '2020-12-12 13:00:00', 'A-2-01', '2020-12-12 11:30:00', 7);


INSERT INTO TSESSION (ID, DESCRIPTION, END, LOCATION, START, GROUP_ID)
	VALUES (85, 'Sesión 1 para el grupo T1.', '2021-01-25 14:00:00', 'A-2-01', '2021-01-25 13:00:00', 37);
INSERT INTO TSESSION (ID, DESCRIPTION, END, LOCATION, START, GROUP_ID)
	VALUES (86, 'Sesión 2 para el grupo T1.', '2021-01-26 12:00:00', 'A-2-01', '2021-01-26 11:00:00', 37);
INSERT INTO TSESSION (ID, DESCRIPTION, END, LOCATION, START, GROUP_ID)
	VALUES (87, 'Sesión 3 para el grupo T1.', '2021-02-01 14:00:00', 'A-2-01', '2021-02-01 13:00:00', 37);
INSERT INTO TSESSION (ID, DESCRIPTION, END, LOCATION, START, GROUP_ID)
	VALUES (88, 'Sesión 4 para el grupo T1.', '2021-02-02 12:00:00', 'A-2-01', '2021-02-02 11:00:00', 37);
INSERT INTO TSESSION (ID, DESCRIPTION, END, LOCATION, START, GROUP_ID)
	VALUES (89, 'Sesión 5 para el grupo T1.', '2021-02-08 14:00:00', 'A-2-01', '2021-02-08 13:00:00', 37);
INSERT INTO TSESSION (ID, DESCRIPTION, END, LOCATION, START, GROUP_ID)
	VALUES (90, 'Sesión 6 para el grupo T1.', '2021-02-09 12:00:00', 'A-2-01', '2021-02-09 11:00:00', 37);
INSERT INTO TSESSION (ID, DESCRIPTION, END, LOCATION, START, GROUP_ID)
	VALUES (91, 'Sesión 7 para el grupo T1.', '2021-02-15 14:00:00', 'A-2-01', '2021-02-15 13:00:00', 37);
INSERT INTO TSESSION (ID, DESCRIPTION, END, LOCATION, START, GROUP_ID)
	VALUES (92, 'Sesión 8 para el grupo T1.', '2021-02-16 12:00:00', 'A-2-01', '2021-02-16 11:00:00', 37);
INSERT INTO TSESSION (ID, DESCRIPTION, END, LOCATION, START, GROUP_ID)
	VALUES (93, 'Sesión 9 para el grupo T1.', '2021-02-22 14:00:00', 'A-2-01', '2021-02-22 13:00:00', 37);
INSERT INTO TSESSION (ID, DESCRIPTION, END, LOCATION, START, GROUP_ID)
	VALUES (94, 'Sesión 10 para el grupo T1.', '2021-02-23 12:00:00', 'A-2-01', '2021-02-23 11:00:00', 37);
INSERT INTO TSESSION (ID, DESCRIPTION, END, LOCATION, START, GROUP_ID)
	VALUES (95, 'Sesión 11 para el grupo T1.', '2021-03-01 14:00:00', 'A-2-01', '2021-03-01 13:00:00', 37);
INSERT INTO TSESSION (ID, DESCRIPTION, END, LOCATION, START, GROUP_ID)
	VALUES (96, 'Sesión 12 para el grupo T1.', '2021-03-02 12:00:00', 'A-2-01', '2021-03-02 11:00:00', 37);
INSERT INTO TSESSION (ID, DESCRIPTION, END, LOCATION, START, GROUP_ID)
	VALUES (97, 'Sesión 13 para el grupo T1.', '2021-03-08 14:00:00', 'A-2-01', '2021-03-08 13:00:00', 37);
INSERT INTO TSESSION (ID, DESCRIPTION, END, LOCATION, START, GROUP_ID)
	VALUES (98, 'Sesión 14 para el grupo T1.', '2021-03-09 12:00:00', 'A-2-01', '2021-03-09 11:00:00', 37);
INSERT INTO TSESSION (ID, DESCRIPTION, END, LOCATION, START, GROUP_ID)
	VALUES (99, 'Sesión 15 para el grupo T1.', '2021-03-15 14:00:00', 'A-2-01', '2021-03-15 13:00:00', 37);
INSERT INTO TSESSION (ID, DESCRIPTION, END, LOCATION, START, GROUP_ID)
	VALUES (100, 'Sesión 16 para el grupo T1.', '2021-03-16 12:00:00', 'A-2-01', '2021-03-16 11:00:00', 37);
INSERT INTO TSESSION (ID, DESCRIPTION, END, LOCATION, START, GROUP_ID)
	VALUES (101, 'Sesión 17 para el grupo T1.', '2021-03-22 14:00:00', 'A-2-01', '2021-03-22 13:00:00', 37);
INSERT INTO TSESSION (ID, DESCRIPTION, END, LOCATION, START, GROUP_ID)
	VALUES (102, 'Sesión 18 para el grupo T1.', '2021-03-23 12:00:00', 'A-2-01', '2021-03-23 11:00:00', 37);
INSERT INTO TSESSION (ID, DESCRIPTION, END, LOCATION, START, GROUP_ID)
	VALUES (103, 'Sesión 19 para el grupo T1.', '2021-03-29 14:00:00', 'A-2-01', '2021-03-29 13:00:00', 37);
INSERT INTO TSESSION (ID, DESCRIPTION, END, LOCATION, START, GROUP_ID)
	VALUES (104, 'Sesión 20 para el grupo T1.', '2021-03-30 12:00:00', 'A-2-01', '2021-03-30 11:00:00', 37);
INSERT INTO TSESSION (ID, DESCRIPTION, END, LOCATION, START, GROUP_ID)
	VALUES (105, 'Sesión 21 para el grupo T1.', '2021-04-05 14:00:00', 'A-2-01', '2021-04-05 13:00:00', 37);

INSERT INTO TSESSION (ID, DESCRIPTION, END, LOCATION, START, GROUP_ID)
	VALUES (106, 'Sesión 1 para el grupo L1.', '2021-02-03 11:00:00', 'L-12', '2021-02-03 09:00:00', 38);
INSERT INTO TSESSION (ID, DESCRIPTION, END, LOCATION, START, GROUP_ID)
	VALUES (107, 'Sesión 2 para el grupo L1.', '2021-02-10 11:00:00', 'L-12', '2021-02-10 09:00:00', 38);
INSERT INTO TSESSION (ID, DESCRIPTION, END, LOCATION, START, GROUP_ID)
	VALUES (108, 'Sesión 3 para el grupo L1.', '2021-02-17 11:00:00', 'L-12', '2021-02-17 09:00:00', 38);
INSERT INTO TSESSION (ID, DESCRIPTION, END, LOCATION, START, GROUP_ID)
	VALUES (109, 'Sesión 4 para el grupo L1.', '2021-02-24 11:00:00', 'L-12', '2021-02-24 09:00:00', 38);
INSERT INTO TSESSION (ID, DESCRIPTION, END, LOCATION, START, GROUP_ID)
	VALUES (110, 'Sesión 5 para el grupo L1.', '2021-03-03 11:00:00', 'L-12', '2021-03-03 09:00:00', 38);
INSERT INTO TSESSION (ID, DESCRIPTION, END, LOCATION, START, GROUP_ID)
	VALUES (111, 'Sesión 6 para el grupo L1.', '2021-03-10 11:00:00', 'L-12', '2021-03-10 09:00:00', 38);
INSERT INTO TSESSION (ID, DESCRIPTION, END, LOCATION, START, GROUP_ID)
	VALUES (112, 'Sesión 7 para el grupo L1.', '2021-03-17 11:00:00', 'L-12', '2021-03-17 09:00:00', 38);
INSERT INTO TSESSION (ID, DESCRIPTION, END, LOCATION, START, GROUP_ID)
	VALUES (113, 'Sesión 8 para el grupo L1.', '2021-03-24 11:00:00', 'L-12', '2021-03-24 09:00:00', 38);
INSERT INTO TSESSION (ID, DESCRIPTION, END, LOCATION, START, GROUP_ID)
	VALUES (114, 'Sesión 9 para el grupo L1.', '2021-03-31 11:00:00', 'L-12', '2021-03-31 09:00:00', 38);
INSERT INTO TSESSION (ID, DESCRIPTION, END, LOCATION, START, GROUP_ID)
	VALUES (115, 'Sesión 10 para el grupo L1.', '2021-04-07 11:00:00', 'L-12', '2021-04-07 09:00:00', 38);
INSERT INTO TSESSION (ID, DESCRIPTION, END, LOCATION, START, GROUP_ID)
	VALUES (116, 'Sesión 11 para el grupo L1.', '2021-04-21 11:00:00', 'L-12', '2021-04-21 09:00:00', 38);
INSERT INTO TSESSION (ID, DESCRIPTION, END, LOCATION, START, GROUP_ID)
	VALUES (117, 'Sesión 12 para el grupo L1.', '2021-04-28 11:00:00', 'L-12', '2021-04-28 09:00:00', 38);
INSERT INTO TSESSION (ID, DESCRIPTION, END, LOCATION, START, GROUP_ID)
	VALUES (118, 'Sesión 13 para el grupo L1.', '2021-05-05 11:00:00', 'L-12', '2021-05-05 09:00:00', 38);

INSERT INTO TSESSION (ID, DESCRIPTION, END, LOCATION, START, GROUP_ID)
	VALUES (119, 'Sesión 1 para el grupo S1.', '2021-01-30 10:00:00', 'A-2-01', '2021-01-30 09:00:00', 39);
INSERT INTO TSESSION (ID, DESCRIPTION, END, LOCATION, START, GROUP_ID)
	VALUES (120, 'Sesión 2 para el grupo S1.', '2021-02-13 10:00:00', 'A-2-01', '2021-02-13 09:00:00', 39);
INSERT INTO TSESSION (ID, DESCRIPTION, END, LOCATION, START, GROUP_ID)
	VALUES (121, 'Sesión 3 para el grupo S1.', '2021-02-27 10:00:00', 'A-2-01', '2021-02-27 09:00:00', 39);
INSERT INTO TSESSION (ID, DESCRIPTION, END, LOCATION, START, GROUP_ID)
	VALUES (122, 'Sesión 4 para el grupo S1.', '2021-03-13 10:00:00', 'A-2-01', '2021-03-13 09:00:00', 39);
INSERT INTO TSESSION (ID, DESCRIPTION, END, LOCATION, START, GROUP_ID)
	VALUES (123, 'Sesión 5 para el grupo S1.', '2021-03-27 10:00:00', 'A-2-01', '2021-03-27 09:00:00', 39);
INSERT INTO TSESSION (ID, DESCRIPTION, END, LOCATION, START, GROUP_ID)
	VALUES (124, 'Sesión 6 para el grupo S1.', '2021-04-25 10:00:00', 'A-2-01', '2021-04-25 09:00:00', 39);

INSERT INTO TSESSION (ID, DESCRIPTION, END, LOCATION, START, GROUP_ID)
	VALUES (125, 'Sesión 1 para el grupo TG1.', '2021-02-27 15:00:00', 'L-14', '2021-02-27 14:00:00', 40);
INSERT INTO TSESSION (ID, DESCRIPTION, END, LOCATION, START, GROUP_ID)
	VALUES (126, 'Sesión 2 para el grupo TG1.', '2021-04-27 15:00:00', 'L-14', '2021-04-27 14:00:00', 40);

	
-- TATTENDANCE
INSERT INTO TATTENDANCE (COMMENT, CONFIRMED, DATE, FACE_RECOGNITION_OFF, SESSION_ID, STUDENT_ID)
	VALUES ('', true, '2020-09-13 13:03:15', false, 1, 21);
INSERT INTO TATTENDANCE (COMMENT, CONFIRMED, DATE, FACE_RECOGNITION_OFF, SESSION_ID, STUDENT_ID)
	VALUES ('', true, '2020-09-15 13:03:15', false, 2, 21);
INSERT INTO TATTENDANCE (COMMENT, CONFIRMED, DATE, FACE_RECOGNITION_OFF, SESSION_ID, STUDENT_ID)
	VALUES ('', true, '2020-09-20 13:03:15', false, 3, 21);
INSERT INTO TATTENDANCE (COMMENT, CONFIRMED, DATE, FACE_RECOGNITION_OFF, SESSION_ID, STUDENT_ID)
	VALUES ('', true, '2020-09-27 13:03:15', false, 5, 21);
INSERT INTO TATTENDANCE (COMMENT, CONFIRMED, DATE, FACE_RECOGNITION_OFF, SESSION_ID, STUDENT_ID)
	VALUES ('', true, '2020-09-29 13:03:15', false, 6, 21);
INSERT INTO TATTENDANCE (COMMENT, CONFIRMED, DATE, FACE_RECOGNITION_OFF, SESSION_ID, STUDENT_ID)
	VALUES ('', true, '2020-10-04 13:03:15', false, 7, 21);
INSERT INTO TATTENDANCE (COMMENT, CONFIRMED, DATE, FACE_RECOGNITION_OFF, SESSION_ID, STUDENT_ID)
	VALUES ('', true, '2020-10-06 13:03:15', false, 8, 21);
INSERT INTO TATTENDANCE (COMMENT, CONFIRMED, DATE, FACE_RECOGNITION_OFF, SESSION_ID, STUDENT_ID)
	VALUES ('', true, '2020-10-11 13:03:15', false, 9, 21);
INSERT INTO TATTENDANCE (COMMENT, CONFIRMED, DATE, FACE_RECOGNITION_OFF, SESSION_ID, STUDENT_ID)
	VALUES ('', true, '2020-10-13 13:03:15', false, 10, 21);
INSERT INTO TATTENDANCE (COMMENT, CONFIRMED, DATE, FACE_RECOGNITION_OFF, SESSION_ID, STUDENT_ID)
	VALUES ('', true, '2020-10-18 13:03:15', false, 11, 21);
INSERT INTO TATTENDANCE (COMMENT, CONFIRMED, DATE, FACE_RECOGNITION_OFF, SESSION_ID, STUDENT_ID)
	VALUES ('', true, '2020-09-20 13:03:15', false, 12, 21);
INSERT INTO TATTENDANCE (COMMENT, CONFIRMED, DATE, FACE_RECOGNITION_OFF, SESSION_ID, STUDENT_ID)
	VALUES ('', true, '2020-10-25 13:03:15', false, 13, 21);
INSERT INTO TATTENDANCE (COMMENT, CONFIRMED, DATE, FACE_RECOGNITION_OFF, SESSION_ID, STUDENT_ID)
	VALUES ('', true, '2020-10-27 13:03:15', false, 14, 21);
INSERT INTO TATTENDANCE (COMMENT, CONFIRMED, DATE, FACE_RECOGNITION_OFF, SESSION_ID, STUDENT_ID)
	VALUES ('', true, '2020-11-03 13:03:15', false, 15, 21);
INSERT INTO TATTENDANCE (COMMENT, CONFIRMED, DATE, FACE_RECOGNITION_OFF, SESSION_ID, STUDENT_ID)
	VALUES ('', true, '2020-11-08 13:03:15', false, 16, 21);
INSERT INTO TATTENDANCE (COMMENT, CONFIRMED, DATE, FACE_RECOGNITION_OFF, SESSION_ID, STUDENT_ID)
	VALUES ('', true, '2020-11-10 13:03:15', false, 17, 21);
INSERT INTO TATTENDANCE (COMMENT, CONFIRMED, DATE, FACE_RECOGNITION_OFF, SESSION_ID, STUDENT_ID)
	VALUES ('', true, '2020-11-15 13:03:15', false, 18, 21);
INSERT INTO TATTENDANCE (COMMENT, CONFIRMED, DATE, FACE_RECOGNITION_OFF, SESSION_ID, STUDENT_ID)
	VALUES ('', true, '2020-11-17 13:03:15', false, 19, 21);
INSERT INTO TATTENDANCE (COMMENT, CONFIRMED, DATE, FACE_RECOGNITION_OFF, SESSION_ID, STUDENT_ID)
	VALUES ('', true, '2020-11-22 13:03:15', false, 20, 21);
INSERT INTO TATTENDANCE (COMMENT, CONFIRMED, DATE, FACE_RECOGNITION_OFF, SESSION_ID, STUDENT_ID)
	VALUES ('', true, '2020-11-24 13:03:15', false, 21, 21);
INSERT INTO TATTENDANCE (COMMENT, CONFIRMED, DATE, FACE_RECOGNITION_OFF, SESSION_ID, STUDENT_ID)
	VALUES ('', true, '2020-11-29 13:03:15', false, 22, 21);
INSERT INTO TATTENDANCE (COMMENT, CONFIRMED, DATE, FACE_RECOGNITION_OFF, SESSION_ID, STUDENT_ID)
	VALUES ('', true, '2020-12-01 13:03:15', false, 23, 21);
INSERT INTO TATTENDANCE (COMMENT, CONFIRMED, DATE, FACE_RECOGNITION_OFF, SESSION_ID, STUDENT_ID)
	VALUES ('', true, '2020-12-13 13:03:15', false, 24, 21);

INSERT INTO TATTENDANCE (COMMENT, CONFIRMED, DATE, FACE_RECOGNITION_OFF, SESSION_ID, STUDENT_ID)
	VALUES ('', true, '2020-09-15 09:02:20', false, 26, 21);
INSERT INTO TATTENDANCE (COMMENT, CONFIRMED, DATE, FACE_RECOGNITION_OFF, SESSION_ID, STUDENT_ID)
	VALUES ('', true, '2020-09-22 09:02:20', false, 27, 21);
INSERT INTO TATTENDANCE (COMMENT, CONFIRMED, DATE, FACE_RECOGNITION_OFF, SESSION_ID, STUDENT_ID)
	VALUES ('', true, '2020-09-29 09:02:20', false, 28, 21);
INSERT INTO TATTENDANCE (COMMENT, CONFIRMED, DATE, FACE_RECOGNITION_OFF, SESSION_ID, STUDENT_ID)
	VALUES ('', true, '2020-10-06 09:02:20', false, 29, 21);
INSERT INTO TATTENDANCE (COMMENT, CONFIRMED, DATE, FACE_RECOGNITION_OFF, SESSION_ID, STUDENT_ID)
	VALUES ('', true, '2020-10-13 09:02:20', false, 30, 21);
INSERT INTO TATTENDANCE (COMMENT, CONFIRMED, DATE, FACE_RECOGNITION_OFF, SESSION_ID, STUDENT_ID)
	VALUES ('', true, '2020-10-20 09:02:20', false, 31, 21);
INSERT INTO TATTENDANCE (COMMENT, CONFIRMED, DATE, FACE_RECOGNITION_OFF, SESSION_ID, STUDENT_ID)
	VALUES ('', true, '2020-10-27 09:02:20', false, 32, 21);
INSERT INTO TATTENDANCE (COMMENT, CONFIRMED, DATE, FACE_RECOGNITION_OFF, SESSION_ID, STUDENT_ID)
	VALUES ('', true, '2020-11-03 09:02:20', false, 33, 21);
INSERT INTO TATTENDANCE (COMMENT, CONFIRMED, DATE, FACE_RECOGNITION_OFF, SESSION_ID, STUDENT_ID)
	VALUES ('', true, '2020-11-10 09:02:20', false, 34, 21);
INSERT INTO TATTENDANCE (COMMENT, CONFIRMED, DATE, FACE_RECOGNITION_OFF, SESSION_ID, STUDENT_ID)
	VALUES ('', true, '2020-11-17 09:02:20', false, 35, 21);
INSERT INTO TATTENDANCE (COMMENT, CONFIRMED, DATE, FACE_RECOGNITION_OFF, SESSION_ID, STUDENT_ID)
	VALUES ('', true, '2020-11-24 09:02:20', false, 36, 21);
INSERT INTO TATTENDANCE (COMMENT, CONFIRMED, DATE, FACE_RECOGNITION_OFF, SESSION_ID, STUDENT_ID)
	VALUES ('', true, '2020-12-01 09:02:20', false, 37, 21);
INSERT INTO TATTENDANCE (COMMENT, CONFIRMED, DATE, FACE_RECOGNITION_OFF, SESSION_ID, STUDENT_ID)
	VALUES ('', true, '2020-12-15 09:02:20', false, 38, 21);

INSERT INTO TATTENDANCE (COMMENT, CONFIRMED, DATE, FACE_RECOGNITION_OFF, SESSION_ID, STUDENT_ID)
	VALUES ('', true, '2020-12-15 09:10:55', false, 40, 21);


INSERT INTO TATTENDANCE (COMMENT, CONFIRMED, DATE, FACE_RECOGNITION_OFF, SESSION_ID, STUDENT_ID)
	VALUES ('', true, '2020-09-13 11:04:35', false, 41, 21);
INSERT INTO TATTENDANCE (COMMENT, CONFIRMED, DATE, FACE_RECOGNITION_OFF, SESSION_ID, STUDENT_ID)
	VALUES ('', true, '2020-09-20 11:04:35', false, 43, 21);
INSERT INTO TATTENDANCE (COMMENT, CONFIRMED, DATE, FACE_RECOGNITION_OFF, SESSION_ID, STUDENT_ID)
	VALUES ('', true, '2020-09-22 11:04:35', false, 44, 21);
INSERT INTO TATTENDANCE (COMMENT, CONFIRMED, DATE, FACE_RECOGNITION_OFF, SESSION_ID, STUDENT_ID)
	VALUES ('', true, '2020-09-27 11:04:35', false, 45, 21);
INSERT INTO TATTENDANCE (COMMENT, CONFIRMED, DATE, FACE_RECOGNITION_OFF, SESSION_ID, STUDENT_ID)
	VALUES ('', true, '2020-09-29 11:04:35', false, 46, 21);
INSERT INTO TATTENDANCE (COMMENT, CONFIRMED, DATE, FACE_RECOGNITION_OFF, SESSION_ID, STUDENT_ID)
	VALUES ('', true, '2020-10-04 11:04:35', false, 47, 21);
INSERT INTO TATTENDANCE (COMMENT, CONFIRMED, DATE, FACE_RECOGNITION_OFF, SESSION_ID, STUDENT_ID)
	VALUES ('', true, '2020-10-06 11:04:35', false, 48, 21);
INSERT INTO TATTENDANCE (COMMENT, CONFIRMED, DATE, FACE_RECOGNITION_OFF, SESSION_ID, STUDENT_ID)
	VALUES ('', true, '2020-10-11 11:04:35', false, 49, 21);
INSERT INTO TATTENDANCE (COMMENT, CONFIRMED, DATE, FACE_RECOGNITION_OFF, SESSION_ID, STUDENT_ID)
	VALUES ('', true, '2020-10-13 11:04:35', false, 50, 21);
INSERT INTO TATTENDANCE (COMMENT, CONFIRMED, DATE, FACE_RECOGNITION_OFF, SESSION_ID, STUDENT_ID)
	VALUES ('', true, '2020-10-18 11:04:35', false, 51, 21);
INSERT INTO TATTENDANCE (COMMENT, CONFIRMED, DATE, FACE_RECOGNITION_OFF, SESSION_ID, STUDENT_ID)
	VALUES ('', true, '2020-10-25 11:04:35', false, 53, 21);
INSERT INTO TATTENDANCE (COMMENT, CONFIRMED, DATE, FACE_RECOGNITION_OFF, SESSION_ID, STUDENT_ID)
	VALUES ('', true, '2020-10-27 11:04:35', false, 54, 21);
INSERT INTO TATTENDANCE (COMMENT, CONFIRMED, DATE, FACE_RECOGNITION_OFF, SESSION_ID, STUDENT_ID)
	VALUES ('', true, '2020-11-03 11:04:35', false, 55, 21);
INSERT INTO TATTENDANCE (COMMENT, CONFIRMED, DATE, FACE_RECOGNITION_OFF, SESSION_ID, STUDENT_ID)
	VALUES ('', true, '2020-11-08 11:04:35', true, 56, 21);
INSERT INTO TATTENDANCE (COMMENT, CONFIRMED, DATE, FACE_RECOGNITION_OFF, SESSION_ID, STUDENT_ID)
	VALUES ('', true, '2020-11-10 11:04:35', false, 57, 21);
INSERT INTO TATTENDANCE (COMMENT, CONFIRMED, DATE, FACE_RECOGNITION_OFF, SESSION_ID, STUDENT_ID)
	VALUES ('', true, '2020-11-15 11:04:35', false, 58, 21);
INSERT INTO TATTENDANCE (COMMENT, CONFIRMED, DATE, FACE_RECOGNITION_OFF, SESSION_ID, STUDENT_ID)
	VALUES ('', true, '2020-11-17 11:04:35', false, 59, 21);
INSERT INTO TATTENDANCE (COMMENT, CONFIRMED, DATE, FACE_RECOGNITION_OFF, SESSION_ID, STUDENT_ID)
	VALUES ('', true, '2020-11-22 11:04:35', false, 60, 21);
INSERT INTO TATTENDANCE (COMMENT, CONFIRMED, DATE, FACE_RECOGNITION_OFF, SESSION_ID, STUDENT_ID)
	VALUES ('', true, '2020-11-24 11:04:35', false, 61, 21);
INSERT INTO TATTENDANCE (COMMENT, CONFIRMED, DATE, FACE_RECOGNITION_OFF, SESSION_ID, STUDENT_ID)
	VALUES ('', true, '2020-11-29 11:04:35', false, 62, 21);
INSERT INTO TATTENDANCE (COMMENT, CONFIRMED, DATE, FACE_RECOGNITION_OFF, SESSION_ID, STUDENT_ID)
	VALUES ('', true, '2020-12-13 11:04:35', false, 64, 21);
INSERT INTO TATTENDANCE (COMMENT, CONFIRMED, DATE, FACE_RECOGNITION_OFF, SESSION_ID, STUDENT_ID)
	VALUES ('', true, '2020-12-15 11:04:35', false, 65, 21);

INSERT INTO TATTENDANCE (COMMENT, CONFIRMED, DATE, FACE_RECOGNITION_OFF, SESSION_ID, STUDENT_ID)
	VALUES ('', true, '2020-09-28 09:33:05', false, 66, 21);
INSERT INTO TATTENDANCE (COMMENT, CONFIRMED, DATE, FACE_RECOGNITION_OFF, SESSION_ID, STUDENT_ID)
	VALUES ('', true, '2020-10-26 09:33:05', false, 67, 21);
INSERT INTO TATTENDANCE (COMMENT, CONFIRMED, DATE, FACE_RECOGNITION_OFF, SESSION_ID, STUDENT_ID)
	VALUES ('', true, '2020-11-09 09:33:05', false, 68, 21);
INSERT INTO TATTENDANCE (COMMENT, CONFIRMED, DATE, FACE_RECOGNITION_OFF, SESSION_ID, STUDENT_ID)
	VALUES ('', true, '2020-11-23 09:33:05', false, 69, 21);
INSERT INTO TATTENDANCE (COMMENT, CONFIRMED, DATE, FACE_RECOGNITION_OFF, SESSION_ID, STUDENT_ID)
	VALUES ('', true, '2020-12-07 09:33:05', false, 70, 21);

INSERT INTO TATTENDANCE (COMMENT, CONFIRMED, DATE, FACE_RECOGNITION_OFF, SESSION_ID, STUDENT_ID)
	VALUES ('', true, '2020-09-12 11:35:03', false, 71, 21);
INSERT INTO TATTENDANCE (COMMENT, CONFIRMED, DATE, FACE_RECOGNITION_OFF, SESSION_ID, STUDENT_ID)
	VALUES ('', true, '2020-09-19 11:35:03', false, 72, 21);
INSERT INTO TATTENDANCE (COMMENT, CONFIRMED, DATE, FACE_RECOGNITION_OFF, SESSION_ID, STUDENT_ID)
	VALUES ('', true, '2020-09-26 11:35:03', false, 73, 21);
INSERT INTO TATTENDANCE (COMMENT, CONFIRMED, DATE, FACE_RECOGNITION_OFF, SESSION_ID, STUDENT_ID)
	VALUES ('', true, '2020-10-03 11:35:03', false, 74, 21);
INSERT INTO TATTENDANCE (COMMENT, CONFIRMED, DATE, FACE_RECOGNITION_OFF, SESSION_ID, STUDENT_ID)
	VALUES ('Ha salido en medio de la clase.', false, '2020-10-10 11:35:03', false, 75, 21);
INSERT INTO TATTENDANCE (COMMENT, CONFIRMED, DATE, FACE_RECOGNITION_OFF, SESSION_ID, STUDENT_ID)
	VALUES ('', true, '2020-10-17 11:35:03', false, 76, 21);
INSERT INTO TATTENDANCE (COMMENT, CONFIRMED, DATE, FACE_RECOGNITION_OFF, SESSION_ID, STUDENT_ID)
	VALUES ('', true, '2020-10-24 11:35:03', false, 77, 21);
INSERT INTO TATTENDANCE (COMMENT, CONFIRMED, DATE, FACE_RECOGNITION_OFF, SESSION_ID, STUDENT_ID)
	VALUES ('', true, '2020-10-31 11:35:03', false, 78, 21);
INSERT INTO TATTENDANCE (COMMENT, CONFIRMED, DATE, FACE_RECOGNITION_OFF, SESSION_ID, STUDENT_ID)
	VALUES ('', true, '2020-11-07 11:35:03', false, 79, 21);
INSERT INTO TATTENDANCE (COMMENT, CONFIRMED, DATE, FACE_RECOGNITION_OFF, SESSION_ID, STUDENT_ID)
	VALUES ('', true, '2020-11-14 11:35:03', false, 80, 21);
INSERT INTO TATTENDANCE (COMMENT, CONFIRMED, DATE, FACE_RECOGNITION_OFF, SESSION_ID, STUDENT_ID)
	VALUES ('', true, '2020-11-21 11:35:03', false, 81, 21);
INSERT INTO TATTENDANCE (COMMENT, CONFIRMED, DATE, FACE_RECOGNITION_OFF, SESSION_ID, STUDENT_ID)
	VALUES ('', true, '2020-11-28 11:35:03', false, 82, 21);
INSERT INTO TATTENDANCE (COMMENT, CONFIRMED, DATE, FACE_RECOGNITION_OFF, SESSION_ID, STUDENT_ID)
	VALUES ('', true, '2020-12-05 11:35:03', false, 83, 21);
INSERT INTO TATTENDANCE (COMMENT, CONFIRMED, DATE, FACE_RECOGNITION_OFF, SESSION_ID, STUDENT_ID)
	VALUES ('', true, '2020-12-12 11:35:03', false, 84, 21);


INSERT INTO TATTENDANCE (COMMENT, CONFIRMED, DATE, FACE_RECOGNITION_OFF, SESSION_ID, STUDENT_ID)
	VALUES ('', true, '2021-01-25 13:01:30', false, 85, 21);
INSERT INTO TATTENDANCE (COMMENT, CONFIRMED, DATE, FACE_RECOGNITION_OFF, SESSION_ID, STUDENT_ID)
	VALUES ('', true, '2021-01-26 11:01:30', false, 86, 21);
INSERT INTO TATTENDANCE (COMMENT, CONFIRMED, DATE, FACE_RECOGNITION_OFF, SESSION_ID, STUDENT_ID)
	VALUES ('', true, '2021-02-01 13:01:30', false, 87, 21);
INSERT INTO TATTENDANCE (COMMENT, CONFIRMED, DATE, FACE_RECOGNITION_OFF, SESSION_ID, STUDENT_ID)
	VALUES ('', true, '2021-02-02 11:01:30', false, 88, 21);
INSERT INTO TATTENDANCE (COMMENT, CONFIRMED, DATE, FACE_RECOGNITION_OFF, SESSION_ID, STUDENT_ID)
	VALUES ('', true, '2021-02-08 13:01:30', false, 89, 21);
INSERT INTO TATTENDANCE (COMMENT, CONFIRMED, DATE, FACE_RECOGNITION_OFF, SESSION_ID, STUDENT_ID)
	VALUES ('', true, '2021-02-09 11:01:30', false, 90, 21);
INSERT INTO TATTENDANCE (COMMENT, CONFIRMED, DATE, FACE_RECOGNITION_OFF, SESSION_ID, STUDENT_ID)
	VALUES ('', true, '2021-02-15 13:01:30', false, 91, 21);
INSERT INTO TATTENDANCE (COMMENT, CONFIRMED, DATE, FACE_RECOGNITION_OFF, SESSION_ID, STUDENT_ID)
	VALUES ('', true, '2021-02-16 11:01:30', false, 92, 21);
INSERT INTO TATTENDANCE (COMMENT, CONFIRMED, DATE, FACE_RECOGNITION_OFF, SESSION_ID, STUDENT_ID)
	VALUES ('', true, '2021-02-22 13:01:30', false, 93, 21);
INSERT INTO TATTENDANCE (COMMENT, CONFIRMED, DATE, FACE_RECOGNITION_OFF, SESSION_ID, STUDENT_ID)
	VALUES ('Ha salido antes de la finalización de la clase.', false, '2021-02-23 11:01:30', false, 94, 21);
INSERT INTO TATTENDANCE (COMMENT, CONFIRMED, DATE, FACE_RECOGNITION_OFF, SESSION_ID, STUDENT_ID)
	VALUES ('', true, '2021-03-01 13:01:30', false, 95, 21);
INSERT INTO TATTENDANCE (COMMENT, CONFIRMED, DATE, FACE_RECOGNITION_OFF, SESSION_ID, STUDENT_ID)
	VALUES ('', true, '2021-03-02 11:01:30', false, 96, 21);
INSERT INTO TATTENDANCE (COMMENT, CONFIRMED, DATE, FACE_RECOGNITION_OFF, SESSION_ID, STUDENT_ID)
	VALUES ('', true, '2021-03-08 13:01:30', false, 97, 21);
INSERT INTO TATTENDANCE (COMMENT, CONFIRMED, DATE, FACE_RECOGNITION_OFF, SESSION_ID, STUDENT_ID)
	VALUES ('', true, '2021-03-09 11:01:30', false, 98, 21);
INSERT INTO TATTENDANCE (COMMENT, CONFIRMED, DATE, FACE_RECOGNITION_OFF, SESSION_ID, STUDENT_ID)
	VALUES ('', true, '2021-03-15 13:01:30', false, 99, 21);
INSERT INTO TATTENDANCE (COMMENT, CONFIRMED, DATE, FACE_RECOGNITION_OFF, SESSION_ID, STUDENT_ID)
	VALUES ('', true, '2021-03-16 11:01:30', false, 100, 21);
INSERT INTO TATTENDANCE (COMMENT, CONFIRMED, DATE, FACE_RECOGNITION_OFF, SESSION_ID, STUDENT_ID)
	VALUES ('', true, '2021-03-22 13:01:30', false, 101, 21);
INSERT INTO TATTENDANCE (COMMENT, CONFIRMED, DATE, FACE_RECOGNITION_OFF, SESSION_ID, STUDENT_ID)
	VALUES ('', true, '2021-03-23 11:01:30', false, 102, 21);
INSERT INTO TATTENDANCE (COMMENT, CONFIRMED, DATE, FACE_RECOGNITION_OFF, SESSION_ID, STUDENT_ID)
	VALUES ('', true, '2021-03-29 13:01:30', false, 103, 21);
INSERT INTO TATTENDANCE (COMMENT, CONFIRMED, DATE, FACE_RECOGNITION_OFF, SESSION_ID, STUDENT_ID)
	VALUES ('', true, '2021-04-05 13:01:30', false, 105, 21);

INSERT INTO TATTENDANCE (COMMENT, CONFIRMED, DATE, FACE_RECOGNITION_OFF, SESSION_ID, STUDENT_ID)
	VALUES ('', true, '2021-02-03 09:04:10', false, 106, 21);
INSERT INTO TATTENDANCE (COMMENT, CONFIRMED, DATE, FACE_RECOGNITION_OFF, SESSION_ID, STUDENT_ID)
	VALUES ('', true, '2021-02-10 09:04:10', false, 107, 21);
INSERT INTO TATTENDANCE (COMMENT, CONFIRMED, DATE, FACE_RECOGNITION_OFF, SESSION_ID, STUDENT_ID)
	VALUES ('', true, '2021-02-17 09:04:10', false, 108, 21);
INSERT INTO TATTENDANCE (COMMENT, CONFIRMED, DATE, FACE_RECOGNITION_OFF, SESSION_ID, STUDENT_ID)
	VALUES ('', true, '2021-02-24 09:04:10', false, 109, 21);
INSERT INTO TATTENDANCE (COMMENT, CONFIRMED, DATE, FACE_RECOGNITION_OFF, SESSION_ID, STUDENT_ID)
	VALUES ('', true, '2021-03-03 09:04:10', false, 110, 21);
INSERT INTO TATTENDANCE (COMMENT, CONFIRMED, DATE, FACE_RECOGNITION_OFF, SESSION_ID, STUDENT_ID)
	VALUES ('', true, '2021-03-10 09:04:10', false, 111, 21);
INSERT INTO TATTENDANCE (COMMENT, CONFIRMED, DATE, FACE_RECOGNITION_OFF, SESSION_ID, STUDENT_ID)
	VALUES ('', true, '2021-03-17 09:04:10', false, 112, 21);
INSERT INTO TATTENDANCE (COMMENT, CONFIRMED, DATE, FACE_RECOGNITION_OFF, SESSION_ID, STUDENT_ID)
	VALUES ('', true, '2021-03-24 09:04:10', false, 113, 21);
INSERT INTO TATTENDANCE (COMMENT, CONFIRMED, DATE, FACE_RECOGNITION_OFF, SESSION_ID, STUDENT_ID)
	VALUES ('', true, '2021-03-31 09:04:10', false, 114, 21);
INSERT INTO TATTENDANCE (COMMENT, CONFIRMED, DATE, FACE_RECOGNITION_OFF, SESSION_ID, STUDENT_ID)
	VALUES ('', true, '2021-04-07 09:04:10', false, 115, 21);
INSERT INTO TATTENDANCE (COMMENT, CONFIRMED, DATE, FACE_RECOGNITION_OFF, SESSION_ID, STUDENT_ID)
	VALUES ('', true, '2021-04-21 09:04:10', false, 116, 21);
INSERT INTO TATTENDANCE (COMMENT, CONFIRMED, DATE, FACE_RECOGNITION_OFF, SESSION_ID, STUDENT_ID)
	VALUES ('', true, '2021-04-28 09:04:10', false, 117, 21);
INSERT INTO TATTENDANCE (COMMENT, CONFIRMED, DATE, FACE_RECOGNITION_OFF, SESSION_ID, STUDENT_ID)
	VALUES ('', true, '2021-05-05 09:04:10', false, 118, 21);

INSERT INTO TATTENDANCE (COMMENT, CONFIRMED, DATE, FACE_RECOGNITION_OFF, SESSION_ID, STUDENT_ID)
	VALUES ('', true, '2021-01-30 09:01:30', false, 119, 21);
INSERT INTO TATTENDANCE (COMMENT, CONFIRMED, DATE, FACE_RECOGNITION_OFF, SESSION_ID, STUDENT_ID)
	VALUES ('', true, '2021-02-13 09:01:30', false, 120, 21);
INSERT INTO TATTENDANCE (COMMENT, CONFIRMED, DATE, FACE_RECOGNITION_OFF, SESSION_ID, STUDENT_ID)
	VALUES ('', true, '2021-02-27 09:01:30', false, 121, 21);
INSERT INTO TATTENDANCE (COMMENT, CONFIRMED, DATE, FACE_RECOGNITION_OFF, SESSION_ID, STUDENT_ID)
	VALUES ('', true, '2021-03-27 09:01:30', false, 123, 21);
INSERT INTO TATTENDANCE (COMMENT, CONFIRMED, DATE, FACE_RECOGNITION_OFF, SESSION_ID, STUDENT_ID)
	VALUES ('', true, '2021-04-25 09:01:30', false, 124, 21);
